Cone x location (microns),Cone y location (microns),Cone spectral type,Zernike Coeffs,Values,Parameter_Name,Values,,Cone x location (microns),Cone y location (microns),Cone spectral type,Zernike Coeffs,Values,Parameter_Name,Values,,Cone x location (microns),Cone y location (microns),Cone spectral type,Zernike Coeffs,Values,Parameter_Name,Values
2.3,2.3,M,Z0 (Piston),0,subject Id,AO001,,3.9,7,M,Z0 (Piston),0,subject Id,AO001,,4.7,289.9,L,Z0 (Piston),0,subject Id,AO001
2.3,8.5,L,Z1 (Tip),0,Age (years),41,,3.9,26.4,L,Z1 (Tip),0,Age (years),41,,5.4,79.1,M,Z1 (Tip),0,Age (years),41
2.3,36.4,M,Z2 (Tilt),0,Eye,OD,,3.9,79.1,L,Z2 (Tilt),0,Eye,OD,,6.2,99.2,L,Z2 (Tilt),0,Eye,OD
2.3,64.3,L,Z3 (Astig 45),0.123753917,Axial length (mm),24.5,,3.9,231,L,Z3 (Astig 45),0.003588131,Axial length (mm),24.5,,6.8,301.2,NC,Z3 (Astig 45),0.076862808,Axial length (mm),24.5
2.3,69.8,M,Z4 (Defocus),1,Meridian,Nasal,,3.9,269.7,L,Z4 (Defocus),1,Meridian,Nasal,,7,29.5,L,Z4 (Defocus),0.8,Meridian,Nasal
2.3,102.3,L,Z5 (Astig 0),0.170046932,"Eccentricity (x,y) (deg)","(1.5,0)",,3.9,358.9,L,Z5 (Astig 0),0.139092361,"Eccentricity (x,y) (deg)","(4,0)",,7.8,245.7,M,Z5 (Astig 0),0.18854294,"Eccentricity (x,y) (deg)","(10,0)"
2.3,131.8,L,Z6,-0.008286949,"Eccentricity (x,y) (mm)","(0.44,0)",,4.7,62,M,Z6,-0.002457022,"Eccentricity (x,y) (mm)","(1.18,0)",,8.5,39.5,S,Z6,-0.010117736,"Eccentricity (x,y) (mm)","(2.96,0)"
2.3,154.2,L,Z7,-0.37498025,Retinal maginification factor (microns/deg),296.2,,4.7,102.3,S,Z7,-0.327445041,Retinal maginification factor (microns/deg),296.2,,8.5,116.3,L,Z7,-0.291210647,Retinal maginification factor (microns/deg),296.2
2.3,165.9,L,Z8,-0.136146209,FOV (mm),0.25 x 0.24,,4.7,210,L,Z8,-0.024397195,FOV (mm),0.39 x 0.28,,8.5,227.9,M,Z8,0.073637311,FOV (mm),0.35 x 0.28
2.3,210,M,Z9,0.16629725,L/M ratio,2.5,,4.7,317,L,Z9,0.182785357,L/M ratio,2.4,,8.5,322.4,M,Z9,0.174189103,L/M ratio,2.8
2.3,230.2,L,Z10,0.155094319,% S-cones,6.5,,4.7,341,L,Z10,0.139370734,% S-cones,7,,8.5,334.8,NC,Z10,0.127946895,% S-cones,9.7
2.3,241,L,Z11,-0.105925731,L-cone density (cones per square mm),23040.5,,5.4,108.5,L,Z11,-0.093468637,L-cone density (cones per square mm),9841.3,,9.3,161.2,S,Z11,-0.081799775,L-cone density (cones per square mm),5164.5
3.1,16.3,S,Z12,0.171936293,M-cone density (cones per square mm),9363.9,,5.4,125.6,L,Z12,0.169649265,M-cone density (cones per square mm),4081.8,,9.3,178.3,S,Z12,0.159163954,M-cone density (cones per square mm),1870.4
3.1,50.4,L,Z13,0.080163774,S-cone density (cones per square mm),2248.7,,5.4,134.9,L,Z13,0.047621317,S-cone density (cones per square mm),1049.6,,9.3,208.5,L,Z13,0.03952545,S-cone density (cones per square mm),758.6
3.1,75.2,L,Z14,0.007024982,Number of selected cones,2068,,5.4,247.2,L,Z14,0.017177973,Number of selected cones,1672,,9.3,259.6,M,Z14,0.006879533,Number of selected cones,804
3.1,92.2,M,Z15,0.009064345,Number of Not classified cones,3,,5.4,370.5,S,Z15,0.024224284,Number of Not classified cones,3,,10.1,62.8,L,Z15,0.04027272,Number of Not classified cones,54
3.1,137.2,S,Z16,-0.017997467,L-,Long wavelength cones,,6.2,16.3,L,Z16,-0.010340619,L-,Long wavelength cones,,10.1,192.2,L,Z16,-0.015181565,L-,Long wavelength cones
3.1,148,L,Z17,0.044855815,M-,Middle wavelength cones,,6.2,32.6,L,Z17,0.032285274,M-,Middle wavelength cones,,10.9,131.8,M,Z17,0.008978222,M-,Middle wavelength cones
3.1,177.5,L,Z18,0.039521678,S-,Short wavelength cones,,6.2,88.4,M,Z18,0.010948683,S-,Short wavelength cones,,11.6,146.5,L,Z18,0.000698605,S-,Short wavelength cones
3.1,216.2,M,Z19,-0.014523678,NC-,Not classified,,6.2,175.2,L,Z19,-0.009647137,NC-,Not classified,,12.3,49.5,L,Z19,-0.020687855,NC-,Not classified
3.1,221.7,L,Z20,-0.028544215,"Cone location origin  (0,0)",Top-left corner of FOV,,6.2,276.7,L,Z20,-0.031767378,"Cone location origin  (0,0)",Top-left corner of FOV,,12.4,6.2,L,Z20,-0.026539082,"Cone location origin  (0,0)",Top-left corner of FOV
3.9,21.7,L,Z21,0.043888542,Zernike Coeffs Pupil diameter (mm),6,,6.2,287.5,L,Z21,0.029854671,Zernike Coeffs Pupil diameter (mm),6,,12.4,277.5,S,Z21,0.032827871,Zernike Coeffs Pupil diameter (mm),6
3.9,27.1,L,Z22,-0.002508354,Zernike Coeffs measured wavelength (nm),900,,6.2,334.8,M,Z22,-0.009771988,Zernike Coeffs measured wavelength (nm),900,,13.2,86,L,Z22,-0.007381437,Zernike Coeffs measured wavelength (nm),900
3.9,41.9,L,Z23,0.026357161,Zernike Coeffs Optimized wavelength (nm),550,,6.2,380.6,L,Z23,0.017882703,Zernike Coeffs Optimized wavelength (nm),550,,13.2,290.6,L,Z23,0.016608319,Zernike Coeffs Optimized wavelength (nm),550
3.9,86,L,Z24,-0.018919664,,,,7,41.1,L,Z24,-0.04357743,,,,14,17.1,L,Z24,-0.048865786,,
3.9,109.3,M,Z25,-0.026345651,,,,7,48.8,L,Z25,0.00023091,,,,14,169,L,Z25,0.000148903,,
3.9,161.2,S,Z26,0.029307721,,,,7,73.6,L,Z26,0.014633213,,,,14,317.8,S,Z26,0.013194818,,
3.9,189.9,S,Z27,-0.030850408,,,,7,117,L,Z27,-0.010149486,,,,14.7,106.2,S,Z27,-0.02683971,,
3.9,202.3,L,Z28,-0.013381152,,,,7,144.9,L,Z28,-0.015277205,,,,15.5,31.8,L,Z28,-0.024291535,,
3.9,245.7,L,Z29,0.021656832,,,,7,152.7,S,Z29,0.001133583,,,,15.5,213.9,L,Z29,-0.000374144,,
4.7,55,L,Z30,-0.016865431,,,,7,159.7,M,Z30,-0.008971236,,,,16.3,234.1,L,Z30,-0.007922649,,
4.7,141.1,M,Z31,0.007009942,,,,7,183.7,L,Z31,0.004748786,,,,16.3,264.3,L,Z31,0.008010178,,
4.7,184.5,L,Z32,0.001902294,,,,7,200.7,L,Z32,0.007248346,,,,16.3,305.4,L,Z32,0.006279776,,
4.7,235.6,L,Z33,0.001314305,,,,7,221.7,M,Z33,-0.006949376,,,,16.3,326.3,L,Z33,-0.006629357,,
5.4,59.7,L,Z34,0.006980688,,,,7,240.3,L,Z34,0.01170448,,,,17.1,95.3,L,Z34,0.005075849,,
5.4,95.3,M,Z35,-0.006567764,,,,7,305.4,L,Z35,-0.019932402,,,,17.1,120.9,L,Z35,-0.015381383,,
5.4,104.6,L,Z36,0.020154086,,,,7,352.7,M,Z36,0.002234905,,,,17.1,247.2,M,Z36,0.008988792,,
5.4,113.9,M,Z37,-0.032715028,,,,7.8,190.7,M,Z37,-0.019604059,,,,17.8,183.7,L,Z37,-0.019512032,,
5.4,172.1,L,Z38,-0.006140813,,,,7.8,264.3,M,Z38,0.000196129,,,,17.8,221.7,L,Z38,0.007754909,,
6.2,7,M,Z39,-0.005903307,,,,7.8,294.5,L,Z39,-0.003200081,,,,18.6,154.2,L,Z39,-0.001603488,,
6.2,11.6,M,Z40,0.000824562,,,,7.8,364.3,L,Z40,-0.001975853,,,,18.6,272.8,L,Z40,0.002218819,,
6.2,65.1,S,Z41,-0.008998177,,,,8.5,23.3,L,Z41,-0.004700259,,,,19.4,65.9,L,Z41,-0.012661188,,
6.2,120.1,L,Z42,0.000736271,,,,8.5,165.9,L,Z42,0.000677005,,,,19.4,194.5,S,Z42,0.005065801,,
6.2,125.6,M,Z43,-0.003947755,,,,8.5,326.3,M,Z43,-0.009395935,,,,20.2,78.3,L,Z43,-0.008021398,,
6.2,165.9,L,Z44,0.002687063,,,,10.1,3.9,L,Z44,0.008799066,,,,20.2,134.9,L,Z44,-0.002245735,,
6.2,195.3,L,Z45,-0.01064151,,,,10.1,255,L,Z45,-0.001221209,,,,20.9,206.2,L,Z45,0.001463385,,
6.2,227.1,L,Z46,0.001186898,,,,10.1,311.6,S,Z46,9.78E-05,,,,20.9,343.4,L,Z46,0.004945696,,
6.2,240.3,L,Z47,-0.008864327,,,,10.9,63.6,S,Z47,0.001442188,,,,21.4,170.6,M,Z47,-0.00104069,,
6.3,32.7,M,Z48,0.000729563,,,,10.9,80.6,M,Z48,-0.002407959,,,,21.7,50.4,M,Z48,-0.004789774,,
7,70.5,L,Z49,-0.00490696,,,,10.9,96.9,M,Z49,0.000181376,,,,22.5,17.1,L,Z49,0.011967529,,
7,133.3,L,Z50,-0.014060334,,,,10.9,103.9,M,Z50,-0.004970622,,,,22.5,103.9,M,Z50,-0.000897556,,
7,151.1,L,Z51,0.011625305,,,,10.9,138.7,M,Z51,0.005536529,,,,23.3,31,L,Z51,0.003055684,,
7,156.6,M,Z52,-0.007537829,,,,10.9,343.4,M,Z52,-0.007478778,,,,23.3,292.2,L,Z52,-0.003473345,,
7,206.2,M,Z53,0.007784718,,,,10.9,374.4,L,Z53,0.00992369,,,,23.3,313.9,L,Z53,0.009836916,,
7.3,37.1,L,Z54,-0.007105952,,,,11.6,17.1,S,Z54,-0.01024114,,,,24,39.5,L,Z54,-0.008580838,,
7.8,17.8,L,Z55,0.004288342,,,,11.6,43.4,L,Z55,-0.00234167,,,,24,253,L,Z55,-0.002740444,,
7.8,23.3,L,Z56,0.000545956,,,,11.6,131,L,Z56,0.007502034,,,,24.7,88.9,NC,Z56,0.001818423,,
7.8,138,L,Z57,0.007631565,,,,11.6,231,M,Z57,0.004597752,,,,24.8,328.6,L,Z57,0.003517743,,
7.8,200.7,L,Z58,0.004247219,,,,11.6,282.9,L,Z58,0.001221666,,,,25.6,114.7,M,Z58,-0.004276104,,
7.8,217.8,L,Z59,0.004558403,,,,11.6,334.8,M,Z59,0.004139154,,,,25.6,142.6,L,Z59,0.003249674,,
8.5,27.1,M,Z60,0.007404489,,,,12.4,10.9,L,Z60,0.010044281,,,,25.6,224,L,Z60,0.015191003,,
8.5,42.6,L,Z61,0.005376892,,,,12.4,35.7,L,Z61,-0.001645288,,,,26.4,279,L,Z61,-0.002187261,,
8.5,46.5,L,Z62,-0.007492476,,,,12.4,54.3,L,Z62,0.002125235,,,,27.1,63.6,L,Z62,0.000360227,,
8.5,76.7,L,Z63,0.010090754,,,,12.4,70.5,L,Z63,0.006875006,,,,27.1,125.6,S,Z63,0.008538196,,
8.5,82.2,L,Z64,-0.002963749,,,,12.4,113.9,M,Z64,-0.00268162,,,,27.1,177.5,L,Z64,0.002909954,,
8.5,88.4,M,Z65,0.001384045,,,,12.4,206.2,L,Z65,-0.000660717,,,,27.9,157.3,L,Z65,0.00053217,,
8.5,91.5,L,,,,,,12.4,212.4,M,,,,,,27.9,190.7,L,,,,
8.5,100,M,,,,,,12.4,244.9,M,,,,,,28.7,234.1,M,,,,
8.5,109.3,S,,,,,,12.4,272.8,L,,,,,,28.7,261.2,L,,,,
8.5,146.5,L,,,,,,12.4,291.4,S,,,,,,28.7,299.2,L,,,,
8.5,162,L,,,,,,12.4,357.3,M,,,,,,29.8,25.4,L,,,,
8.5,212.4,M,,,,,,13.2,152.7,L,,,,,,30.2,7.8,L,,,,
8.5,222.4,L,,,,,,13.2,196.1,L,,,,,,30.2,34.9,S,,,,
9.3,51.9,L,,,,,,13.2,317.8,M,,,,,,30.2,100.8,L,,,,
9.3,94.6,L,,,,,,13.2,382.9,L,,,,,,30.2,247.2,L,,,,
9.3,179.8,L,,,,,,14,27.1,L,,,,,,31,206.9,M,,,,
9.3,231.7,M,,,,,,14,87.6,M,,,,,,31,330.2,M,,,,
10.1,56.6,M,,,,,,14,123.2,M,,,,,,31.8,313.1,M,,,,
10.1,61.2,L,,,,,,14,262.7,M,,,,,,32.6,44.2,L,,,,
10.1,121.7,L,,,,,,14,299.2,L,,,,,,32.6,268.2,L,,,,
10.1,130.2,L,,,,,,14.7,145.7,L,,,,,,33.1,73.7,NC,,,,
10.1,141.8,S,,,,,,14.7,174.4,M,,,,,,33.3,85.3,L,,,,
10.9,113.9,L,,,,,,14.7,222.4,L,,,,,,33.5,130.1,L,,,,
10.9,127.1,L,,,,,,14.7,368.9,M,,,,,,34.1,115.5,L,,,,
10.9,185.2,L,,,,,,16.3,59.7,L,,,,,,34.1,144.9,L,,,,
10.9,190.7,NC,,,,,,16.3,163.5,L,,,,,,34.1,167.4,M,,,,
10.9,195.3,L,,,,,,16.3,180.6,L,,,,,,34.9,343.4,M,,,,
10.9,204.6,M,,,,,,16.3,239.5,L,,,,,,35.7,15.5,L,,,,
11.6,10.1,L,,,,,,17.1,76.7,L,,,,,,35.7,176.7,L,,,,
11.6,20.9,M,,,,,,17.1,107.7,L,,,,,,35.7,216.2,L,,,,
11.6,31.8,L,,,,,,17.1,249.6,S,,,,,,35.7,293.7,NC,,,,
11.6,38.8,L,,,,,,17.8,3.9,L,,,,,,36.4,196.9,L,,,,
11.6,67.4,L,,,,,,17.8,19.4,L,,,,,,36.4,282.1,NC,,,,
11.6,72.9,L,,,,,,17.8,41.1,S,,,,,,37.1,65.2,NC,,,,
11.6,85.3,L,,,,,,17.8,51.2,L,,,,,,37.2,54.3,L,,,,
11.6,106.2,L,,,,,,17.8,93.8,L,,,,,,37.2,123.2,NC,,,,
11.6,133.3,L,,,,,,17.8,134.9,S,,,,,,38,27.9,L,,,,
11.6,148.8,M,,,,,,17.8,281.3,M,,,,,,38,250.3,L,,,,
11.6,170.5,L,,,,,,17.8,311.6,M,,,,,,38.8,93.8,L,,,,
11.6,175.2,L,,,,,,17.8,330.2,M,,,,,,38.8,104.6,M,,,,
11.6,226.3,M,,,,,,17.8,340.2,L,,,,,,38.8,226.3,L,,,,
12.4,15.5,M,,,,,,17.8,348.8,L,,,,,,39.5,155,L,,,,
12.4,47.3,L,,,,,,18.6,9.3,M,,,,,,39.5,235.6,M,,,,
12.4,216.2,L,,,,,,18.6,205.4,M,,,,,,40.3,319.3,L,,,,
12.4,235.6,L,,,,,,18.6,258.1,L,,,,,,41.1,77.5,L,,,,
12.4,242.6,L,,,,,,18.6,267.4,L,,,,,,41.1,269.7,L,,,,
13.2,25.6,S,,,,,,18.6,292.2,L,,,,,,41.9,38,S,,,,
13.2,79.8,S,,,,,,19.4,170.5,L,,,,,,41.9,335.6,M,,,,
13.2,92.2,M,,,,,,19.4,230.2,L,,,,,,42.6,136.4,M,,,,
13.2,153.5,L,,,,,,19.4,304.6,L,,,,,,42.6,165.9,S,,,,
13.2,158.9,S,,,,,,19.4,321.6,M,,,,,,43.4,51.9,L,,,,
13.2,210,L,,,,,,19.4,358.9,L,,,,,,43.4,117,NC,,,,
14,52.7,L,,,,,,19.4,377.5,L,,,,,,43.4,203.1,S,,,,
14,96.9,L,,,,,,19.4,387.5,L,,,,,,44.2,172.8,L,,,,
14,102.3,L,,,,,,20.2,31.8,L,,,,,,44.2,212.4,L,,,,
14,118.6,L,,,,,,20.2,125.6,L,,,,,,44.2,282.9,L,,,,
14,138,L,,,,,,20.2,155,M,,,,,,44.2,303.8,L,,,,
14.7,40.3,L,,,,,,20.2,244.1,L,,,,,,45.7,14,L,,,,
14.7,58.1,S,,,,,,20.9,67.4,L,,,,,,45.7,251.1,M,,,,
14.7,127.9,L,,,,,,20.9,82.9,S,,,,,,45.7,312.3,NC,,,,
14.7,165.9,L,,,,,,20.9,101.5,L,,,,,,46.5,189.9,M,,,,
14.7,179,L,,,,,,20.9,118.6,M,,,,,,47.3,86,NC,,,,
14.7,184.5,S,,,,,,20.9,196.1,L,,,,,,47.3,101.5,L,,,,
14.7,220.9,L,,,,,,20.9,214.7,L,,,,,,47.7,123.2,NC,,,,
15.5,7,L,,,,,,20.9,297.6,M,,,,,,48.1,38.8,M,,,,
15.5,18.6,M,,,,,,21.7,141.8,L,,,,,,48.1,262.7,M,,,,
15.5,34.9,L,,,,,,21.7,274.4,L,,,,,,48.1,292.2,M,,,,
15.5,65.1,M,,,,,,22.5,45,L,,,,,,48.4,320.5,L,,,,
15.5,69.8,L,,,,,,22.5,57.4,L,,,,,,48.8,26.4,L,,,,
15.5,75.2,L,,,,,,22.5,177.5,L,,,,,,48.8,144.2,M,,,,
15.5,110.1,L,,,,,,23.3,16.3,L,,,,,,48.8,155.8,M,,,,
15.5,123.2,M,,,,,,23.3,24,L,,,,,,49.6,69,L,,,,
15.5,172.8,L,,,,,,23.3,89.1,L,,,,,,49.6,238.7,L,,,,
15.5,200.7,L,,,,,,23.3,109.3,S,,,,,,50.4,227.9,L,,,,
15.5,231,L,,,,,,23.3,220.9,L,,,,,,51.2,272,M,,,,
16.3,23.3,L,,,,,,23.3,251.1,L,,,,,,51.6,216.1,L,,,,
16.3,30.2,L,,,,,,23.3,369.7,L,,,,,,51.9,49.6,L,,,,
16.3,82.9,L,,,,,,24,73.6,L,,,,,,52.3,80.6,NC,,,,
16.3,143.4,M,,,,,,24,284.4,M,,,,,,52.7,110.1,S,,,,
16.3,189.1,L,,,,,,24,341.8,L,,,,,,52.7,196.1,L,,,,
16.3,205.4,M,,,,,,24.8,35.7,L,,,,,,52.7,303,M,,,,
16.3,238.7,M,,,,,,24.8,95.3,M,,,,,,52.7,333.3,L,,,,
16.6,50,L,,,,,,24.8,131,L,,,,,,53.1,136.7,NC,,,,
17.1,78.3,L,,,,,,24.8,234.1,L,,,,,,53.5,176.7,L,,,,
17.1,105.4,L,,,,,,24.8,262,M,,,,,,54.3,13.2,L,,,,
17.1,134.9,L,,,,,,24.8,313.9,S,,,,,,54.3,58.1,S,,,,
17.1,148.8,L,,,,,,24.8,351.1,L,,,,,,54.5,168.3,L,,,,
17.1,210.8,L,,,,,,24.8,379.8,L,,,,,,55,314.7,S,,,,
17.1,226.3,L,,,,,,25.6,148,L,,,,,,55.8,89.9,L,,,,
17.8,43.4,L,,,,,,25.6,200,M,,,,,,55.8,119.4,L,,,,
17.8,93.8,M,,,,,,25.6,324.7,L,,,,,,55.8,250.3,L,,,,
17.8,98.4,L,,,,,,25.6,334,L,,,,,,56.6,36.4,L,,,,
17.8,114.7,L,,,,,,25.6,362,M,,,,,,56.6,239.5,NC,,,,
17.8,155,M,,,,,,26.4,123.2,L,,,,,,56.6,289.1,M,,,,
17.8,161.2,L,,,,,,26.4,210.8,L,,,,,,57.4,150.4,L,,,,
17.8,193.8,L,,,,,,26.4,293.7,M,,,,,,58.1,211.6,M,,,,
17.8,216.2,M,,,,,,26.4,304.6,L,,,,,,58.5,190.3,S,,,,
17.8,245.7,L,,,,,,26.4,389.9,M,,,,,,58.9,199.2,L,,,,
18.6,88.4,L,,,,,,27.1,9.3,L,,,,,,59.7,45,L,,,,
18.6,120.1,M,,,,,,27.1,50.4,M,,,,,,59.7,139.5,S,,,,
18.6,131.8,L,,,,,,27.1,68.2,L,,,,,,59.7,224,L,,,,
18.6,168.2,L,,,,,,27.1,164.3,L,,,,,,59.7,260.4,M,,,,
19.4,14.7,M,,,,,,27.1,244.9,L,,,,,,59.9,24.8,L,,,,
19.4,32.6,L,,,,,,27.9,80.6,M,,,,,,60.5,62.8,M,,,,
19.4,38,L,,,,,,27.9,172.1,L,,,,,,60.5,99.2,M,,,,
19.4,55.8,M,,,,,,27.9,227.9,L,,,,,,60.5,127.1,L,,,,
19.4,60.5,L,,,,,,27.9,270.5,L,,,,,,60.5,327.8,M,,,,
19.4,72.9,L,,,,,,28.7,20.2,L,,,,,,61.6,116.6,NC,,,,
19.4,124.8,M,,,,,,28.7,58.9,M,,,,,,62,6.2,L,,,,
19.4,175.9,L,,,,,,28.7,113.9,M,,,,,,62,77.5,L,,,,
19.4,180.6,L,,,,,,29.5,41.1,L,,,,,,62,181.4,L,,,,
19.4,220.9,L,,,,,,29.5,103.1,L,,,,,,62.3,158.9,L,,,,
19.7,9.8,L,,,,,,29.5,135.6,L,,,,,,62.8,110.1,L,,,,
20.2,27.9,L,,,,,,29.5,153.5,M,,,,,,62.8,272,NC,,,,
20.2,110.1,L,,,,,,29.5,190.7,L,,,,,,62.8,296.8,L,,,,
20.2,186.8,L,,,,,,29.5,251.9,L,,,,,,63.6,313.1,M,,,,
20.2,229.4,L,,,,,,29.5,370.5,M,,,,,,63.6,337.9,M,,,,
20.9,20.9,L,,,,,,30.2,75.2,S,,,,,,65.1,29.5,L,,,,
20.9,82.2,L,,,,,,30.2,89.1,M,,,,,,65.1,232.5,NC,,,,
20.9,91.5,L,,,,,,30.2,183.7,L,,,,,,65.9,196.9,L,,,,
20.9,101.5,S,,,,,,30.2,218.6,L,,,,,,66.7,167.4,S,,,,
20.9,198.4,L,,,,,,30.2,279,L,,,,,,66.8,243.2,L,,,,
20.9,203.1,S,,,,,,30.2,318.5,L,,,,,,67.4,15.5,L,,,,
20.9,236.4,L,,,,,,30.2,329.4,L,,,,,,67.4,88.4,L,,,,
21.7,52.7,L,,,,,,30.2,355,S,,,,,,67.4,122.1,NC,,,,
21.7,129.4,L,,,,,,31,128.7,M,,,,,,67.4,145.7,M,,,,
21.7,145.7,L,,,,,,31,287.5,M,,,,,,67.4,265.1,L,,,,
21.7,158.1,L,,,,,,31.8,144.2,L,,,,,,67.8,61.5,S,,,,
21.7,193,L,,,,,,31.8,199.2,M,,,,,,68.2,40.3,L,,,,
21.7,241,L,,,,,,31.8,307.7,L,,,,,,68.2,175.2,M,,,,
22.5,78.3,M,,,,,,31.8,344.9,L,,,,,,69,102.3,L,,,,
22.5,96.9,M,,,,,,31.8,385.2,L,,,,,,69,135.9,L,,,,
22.5,150.4,L,,,,,,32.6,11.6,L,,,,,,69,213.9,M,,,,
22.5,164.3,M,,,,,,32.6,120.9,M,,,,,,69.8,181.4,L,,,,
22.5,214.7,L,,,,,,32.6,209.3,L,,,,,,69.8,276.7,L,,,,
23.3,37.2,L,,,,,,32.6,263.5,M,,,,,,69.8,318.5,NC,,,,
23.3,41.9,L,,,,,,32.6,296.8,M,,,,,,70.5,4.7,L,,,,
23.3,47.3,L,,,,,,32.6,363.5,L,,,,,,71.3,116.3,L,,,,
23.3,58.1,M,,,,,,33.3,162,S,,,,,,71.3,253.4,M,,,,
23.3,114.7,M,,,,,,34.1,114.7,L,,,,,,71.3,304.6,M,,,,
23.3,134.1,L,,,,,,34.1,177.5,L,,,,,,71.8,50.2,NC,,,,
23.3,170.5,L,,,,,,34.1,228.6,S,,,,,,72.1,155.8,L,,,,
24,5.4,S,,,,,,34.1,268.9,S,,,,,,72.1,290.6,L,,,,
24,31.8,L,,,,,,34.1,335.6,L,,,,,,72.9,23.3,L,,,,
24,63.6,S,,,,,,34.9,65.1,L,,,,,,72.9,332.5,M,,,,
24,69,L,,,,,,34.9,81.4,M,,,,,,73.3,67.9,L,,,,
24,124.8,L,,,,,,34.9,95.3,L,,,,,,73.6,221.7,M,,,,
24,180.6,L,,,,,,34.9,247.2,L,,,,,,74.5,132.6,NC,,,,
24.3,141.1,L,,,,,,35.7,26.4,L,,,,,,75.2,169.7,L,,,,
24.8,18.6,L,,,,,,35.7,49.6,L,,,,,,75.2,190.7,L,,,,
24.8,23.3,M,,,,,,35.7,58.9,L,,,,,,75.2,231.7,M,,,,
24.8,73.6,L,,,,,,35.7,104.6,S,,,,,,76,33.3,M,,,,
24.8,91.5,L,,,,,,35.7,169,L,,,,,,76,205.4,S,,,,
24.8,100.8,M,,,,,,35.7,188.3,L,,,,,,76,268.2,S,,,,
24.8,119.4,L,,,,,,36.4,135.6,M,,,,,,76.7,310,NC,,,,
24.8,145.7,L,,,,,,36.4,350.3,L,,,,,,77.5,58.1,M,,,,
24.8,175.9,L,,,,,,36.4,377.5,L,,,,,,77.5,144.9,L,,,,
24.8,189.1,L,,,,,,37.2,4.7,L,,,,,,78.3,6.2,L,,,,
24.8,220.1,M,,,,,,37.2,43.4,L,,,,,,78.3,103.1,M,,,,
24.8,226.3,L,,,,,,37.2,73.6,L,,,,,,78.3,254.2,L,,,,
24.8,232.5,M,,,,,,37.2,145.7,L,,,,,,78.3,282.9,L,,,,
25.6,106.2,M,,,,,,37.2,155.8,L,,,,,,79.1,87.6,M,,,,
25.6,110.8,M,,,,,,37.2,203.1,L,,,,,,79.1,115.5,S,,,,
25.6,155,S,,,,,,37.2,283.7,M,,,,,,79.1,127.1,L,,,,
25.6,196.9,L,,,,,,37.2,323.2,M,,,,,,79.1,180.6,M,,,,
25.6,203.1,L,,,,,,38,19.4,L,,,,,,79.1,241.8,L,,,,
25.6,208.5,L,,,,,,38,125.6,L,,,,,,80.5,199,L,,,,
25.6,237.9,L,,,,,,38,217,L,,,,,,80.6,344.9,L,,,,
26.4,166.6,M,,,,,,38,254.2,M,,,,,,81.4,23.3,M,,,,
26.9,39.9,L,,,,,,38,274.4,L,,,,,,81.7,74.8,L,,,,
27.1,9.3,L,,,,,,38,311.6,L,,,,,,82.2,271.3,L,,,,
27.1,34.1,L,,,,,,38,368.2,S,,,,,,82.2,318.5,L,,,,
27.1,79.1,L,,,,,,38.8,86,L,,,,,,82.4,43.3,L,,,,
27.1,83.7,L,,,,,,38.8,211.6,M,,,,,,82.9,213.1,M,,,,
27.1,160.4,M,,,,,,38.8,236.4,L,,,,,,82.9,330.2,L,,,,
27.1,214.7,S,,,,,,38.8,289.9,L,,,,,,83.7,11.6,M,,,,
27.7,50.7,L,,,,,,38.8,303.8,L,,,,,,83.7,151.1,L,,,,
27.9,27.9,L,,,,,,38.8,330.9,L,,,,,,83.7,227.1,L,,,,
27.9,44.2,M,,,,,,38.8,386.8,L,,,,,,83.7,296.8,L,,,,
27.9,96.1,L,,,,,,39.5,358.9,L,,,,,,84.5,161.2,L,,,,
27.9,116.3,L,,,,,,40.3,12.4,L,,,,,,84.9,135.2,NC,,,,
27.9,127.9,S,,,,,,40.3,119.4,M,,,,,,85.3,107,L,,,,
27.9,172.1,L,,,,,,40.3,164.3,L,,,,,,86,55,M,,,,
27.9,243.4,L,,,,,,40.3,193,L,,,,,,86.8,305.4,M,,,,
28.7,5.4,M,,,,,,41.1,32.6,S,,,,,,87.8,242.1,L,,,,
28.7,55.8,M,,,,,,41.1,50.4,M,,,,,,88.4,82.2,L,,,,
28.7,60.5,L,,,,,,41.1,93,L,,,,,,88.4,117,NC,,,,
28.7,66.7,M,,,,,,41.1,100.8,L,,,,,,88.4,256.5,M,,,,
28.7,121.7,M,,,,,,41.1,110.1,L,,,,,,88.5,40,NC,,,,
28.7,134.9,L,,,,,,41.1,179,S,,,,,,89.1,64.3,L,,,,
28.7,142.6,L,,,,,,41.9,65.1,L,,,,,,89.1,93.8,L,,,,
28.7,149.6,M,,,,,,41.9,79.8,M,,,,,,89.1,184.5,L,,,,
28.7,199.2,M,,,,,,41.9,169.7,L,,,,,,89.1,282.9,L,,,,
28.7,226.3,L,,,,,,41.9,226.3,L,,,,,,89.9,48.1,S,,,,
29.5,14.7,M,,,,,,41.9,262.7,M,,,,,,89.9,205.4,M,,,,
29.5,21.7,L,,,,,,42.6,131,L,,,,,,89.9,340.2,L,,,,
29.5,72.1,L,,,,,,42.6,244.9,L,,,,,,90.7,172,L,,,,
29.5,101.5,L,,,,,,42.6,282.1,L,,,,,,90.7,196.1,L,,,,
30.2,107,L,,,,,,43.4,25.6,L,,,,,,90.7,266.6,L,,,,
30.2,162.8,L,,,,,,43.4,58.9,M,,,,,,91.5,24,L,,,,
30.2,176.7,L,,,,,,43.4,369.7,M,,,,,,91.5,224,M,,,,
30.2,182.1,L,,,,,,44.2,3.9,L,,,,,,91.8,324,L,,,,
30.2,192.2,S,,,,,,44.2,20.2,L,,,,,,92.2,8.5,L,,,,
30.2,210,M,,,,,,44.2,39.5,L,,,,,,93,310.8,S,,,,
30.2,231.7,L,,,,,,44.2,138.7,M,,,,,,93.8,155.8,L,,,,
30.2,237.2,S,,,,,,44.2,153.5,L,,,,,,93.8,234.1,L,,,,
31,31,M,,,,,,44.2,186.8,L,,,,,,94.6,126.3,L,,,,
31,41.9,L,,,,,,44.2,199.2,L,,,,,,94.6,295.3,L,,,,
31,76,L,,,,,,44.2,296.8,S,,,,,,95.3,105.4,S,,,,
31,87.6,L,,,,,,44.2,351.9,L,,,,,,95.3,119.4,M,,,,
31,92.2,M,,,,,,45,73.6,L,,,,,,96.1,140.3,L,,,,
31,155,L,,,,,,45,86.8,L,,,,,,96.9,68.2,L,,,,
31,219.3,M,,,,,,45,144.9,S,,,,,,96.9,93.8,L,,,,
31.8,10.9,L,,,,,,45,320.1,L,,,,,,96.9,165.1,NC,,,,
31.8,37.2,L,,,,,,45,337.1,M,,,,,,96.9,175.9,L,,,,
31.8,52.7,M,,,,,,45.7,217.8,M,,,,,,96.9,212.4,L,,,,
31.8,111.6,L,,,,,,45.7,234.1,L,,,,,,96.9,252.7,L,,,,
31.8,120.9,L,,,,,,45.7,272.8,L,,,,,,97.7,39.5,L,,,,
31.8,125.6,L,,,,,,45.7,312.3,L,,,,,,97.7,55,L,,,,
31.8,130.2,L,,,,,,45.7,362,M,,,,,,97.7,203.1,M,,,,
31.8,187.6,M,,,,,,46.5,10.1,L,,,,,,98.4,266.6,S,,,,
32.6,25.6,M,,,,,,46.5,80.6,L,,,,,,98.4,279.8,L,,,,
32.6,47.3,S,,,,,,46.5,96.9,L,,,,,,99.2,10.9,L,,,,
32.6,62.8,L,,,,,,46.5,107,L,,,,,,99.2,22.5,L,,,,
32.6,67.4,L,,,,,,46.5,115.5,M,,,,,,100,113.2,M,,,,
32.6,81.4,L,,,,,,46.5,252.7,L,,,,,,100.9,187.8,L,,,,
32.6,203.8,L,,,,,,47.3,34.1,L,,,,,,101.5,289.9,M,,,,
32.6,245.7,L,,,,,,47.3,46.5,M,,,,,,101.5,315.4,M,,,,
33.3,4.7,M,,,,,,47.3,161.2,M,,,,,,102.3,302.3,L,,,,
33.3,18.6,L,,,,,,47.3,207.7,L,,,,,,102.3,331.7,L,,,,
33.3,96.9,L,,,,,,47.3,329.4,L,,,,,,103.1,78.3,L,,,,
33.3,215.5,L,,,,,,48.1,64.3,L,,,,,,103.1,151.1,M,,,,
33.9,57.7,L,,,,,,48.1,289.1,L,,,,,,103.1,240.3,M,,,,
34.1,71.3,S,,,,,,48.1,387.5,L,,,,,,103.5,34.5,NC,,,,
34.1,103.9,M,,,,,,48.6,278.1,M,,,,,,103.9,126.3,M,,,,
34.1,116.3,L,,,,,,48.8,121.7,L,,,,,,103.9,138,L,,,,
34.1,134.1,L,,,,,,48.8,131.8,L,,,,,,103.9,222.4,L,,,,
34.1,151.1,L,,,,,,48.8,169.7,L,,,,,,104.6,63.6,L,,,,
34.1,158.9,L,,,,,,48.8,178.3,M,,,,,,105.2,338.8,NC,,,,
34.1,168.2,M,,,,,,48.8,305.4,L,,,,,,105.4,171.3,L,,,,
34.1,173.6,L,,,,,,48.8,374.4,L,,,,,,105.4,207.7,L,,,,
34.1,182.1,L,,,,,,49.6,52.7,S,,,,,,105.4,250.3,L,,,,
34.1,198.4,L,,,,,,49.6,228.6,L,,,,,,106.7,47.7,L,,,,
34.1,227.1,L,,,,,,49.6,263.5,M,,,,,,107,100.8,M,,,,
34.9,14,L,,,,,,49.6,348,M,,,,,,107,159.7,L,,,,
34.9,91.5,S,,,,,,50.4,193.8,M,,,,,,107,275.9,L,,,,
34.9,108.5,M,,,,,,51.2,15.5,M,,,,,,107.7,9.3,L,,,,
34.9,145.7,S,,,,,,51.2,26.4,L,,,,,,107.7,19.4,S,,,,
34.9,191.4,L,,,,,,51.2,58.9,M,,,,,,107.7,85.3,L,,,,
34.9,220.9,L,,,,,,51.2,70.5,L,,,,,,108.5,110.8,M,,,,
34.9,240.3,L,,,,,,51.2,296.1,L,,,,,,108.5,182.1,L,,,,
35.7,84.5,M,,,,,,51.2,319.3,M,,,,,,108.5,261.2,L,,,,
35.7,128.7,L,,,,,,51.9,89.1,L,,,,,,109.3,306.9,L,,,,
35.7,207.7,L,,,,,,51.9,185.2,L,,,,,,110.8,72.9,L,,,,
35.7,234.1,L,,,,,,51.9,218.6,L,,,,,,110.8,195.3,L,,,,
36.4,2.3,M,,,,,,51.9,255.8,M,,,,,,110.8,231.7,M,,,,
36.4,34.9,L,,,,,,51.9,313.9,L,,,,,,110.8,293,L,,,,
36.4,39.5,L,,,,,,51.9,365.8,M,,,,,,110.8,322.4,L,,,,
36.4,44.2,M,,,,,,52.7,96.9,L,,,,,,112.4,37.2,L,,,,
36.4,67.4,L,,,,,,52.7,104.6,L,,,,,,112.4,242.6,L,,,,
36.4,77.5,L,,,,,,52.7,141.8,L,,,,,,113.2,25.6,L,,,,
36.4,100,M,,,,,,52.7,151.1,M,,,,,,113.2,137.2,NC,,,,
36.7,49.7,L,,,,,,52.7,200,M,,,,,,113.2,208.5,S,,,,
36.7,59.5,L,,,,,,52.7,337.1,M,,,,,,113.2,268.2,M,,,,
37.2,8.5,M,,,,,,52.7,381.3,M,,,,,,113.9,55,L,,,,
37.2,123.2,L,,,,,,53.5,45,L,,,,,,113.9,119.4,S,,,,
37.2,154.2,M,,,,,,53.5,76,L,,,,,,113.9,129.4,L,,,,
37.2,163.5,S,,,,,,53.5,161.2,M,,,,,,113.9,144.2,NC,,,,
37.2,203.1,L,,,,,,54.3,36.4,L,,,,,,113.9,282.9,L,,,,
38,95.3,M,,,,,,54.3,111.6,S,,,,,,113.9,332.5,M,,,,
38,177.5,M,,,,,,54.3,207.7,S,,,,,,114.7,151.9,M,,,,
38.8,17.1,L,,,,,,54.3,326.3,L,,,,,,115.5,95.3,L,,,,
38.8,104.6,L,,,,,,54.3,354.2,L,,,,,,115.5,164.3,L,,,,
38.8,113.2,L,,,,,,55,9.3,L,,,,,,117,12.4,L,,,,
38.8,118.6,M,,,,,,55,170.5,M,,,,,,117,82.2,S,,,,
38.8,170.5,L,,,,,,55,236.4,L,,,,,,117,219.3,L,,,,
38.8,190.7,L,,,,,,55,272.8,M,,,,,,117.8,64.3,L,,,,
38.8,196.1,M,,,,,,55,346.5,L,,,,,,117.8,109.3,L,,,,
38.8,212.4,L,,,,,,55.5,127.1,L,,,,,,117.8,308.5,L,,,,
38.8,244.9,L,,,,,,55.8,28.7,L,,,,,,118.6,185.2,L,,,,
39.5,13.2,L,,,,,,55.8,119.4,M,,,,,,119.2,256.3,NC,,,,
39.5,62.8,L,,,,,,55.8,127.1,L,,,,,,119.4,42.6,L,,,,
39.5,72.9,M,,,,,,55.8,225.5,M,,,,,,119.4,173.6,L,,,,
39.5,86.8,L,,,,,,55.8,242.6,L,,,,,,119.4,229.4,L,,,,
39.5,131.8,M,,,,,,55.8,282.9,M,,,,,,119.4,296.1,M,,,,
39.5,135.6,M,,,,,,55.8,303,L,,,,,,120.1,198.4,L,,,,
39.5,226.3,L,,,,,,56.6,20.2,S,,,,,,120.3,343.5,NC,,,,
39.5,236.4,L,,,,,,56.6,50.4,L,,,,,,120.9,75.2,M,,,,
39.8,144.5,L,,,,,,56.6,69,S,,,,,,120.9,130.2,L,,,,
40.3,38,L,,,,,,56.6,84.5,L,,,,,,120.9,280.6,S,,,,
40.3,42.6,L,,,,,,56.6,361.2,L,,,,,,121.7,317,L,,,,
40.3,48.1,L,,,,,,57.4,61.2,L,,,,,,121.7,328.6,L,,,,
40.3,53.5,S,,,,,,57.4,180.6,L,,,,,,122.5,238.7,L,,,,
40.3,58.1,M,,,,,,57.4,214.7,L,,,,,,122.5,267.4,L,,,,
40.3,82.2,L,,,,,,57.4,264.3,L,,,,,,123.2,88.4,L,,,,
40.3,139.5,L,,,,,,57.4,292.2,L,,,,,,123.2,154.2,L,,,,
40.3,148.8,L,,,,,,57.4,371.3,M,,,,,,124,27.1,L,,,,
40.3,158.1,M,,,,,,58.1,92.2,M,,,,,,124,141.8,NC,,,,
40.3,219.3,M,,,,,,58.1,133.3,M,,,,,,124.4,53.4,L,,,,
40.3,231.7,L,,,,,,58.1,147.3,L,,,,,,124.8,210,L,,,,
41.1,25.6,S,,,,,,58.1,382.9,L,,,,,,125.6,118.6,L,,,,
41.1,34.1,L,,,,,,58.9,141.1,L,,,,,,126.3,337.9,M,,,,
41.1,91.5,L,,,,,,58.9,189.9,L,,,,,,127.1,289.9,M,,,,
41.1,100,M,,,,,,58.9,317.8,M,,,,,,127.9,10.9,NC,,,,
41.1,127.1,L,,,,,,59.7,38.8,M,,,,,,127.9,99.2,L,,,,
41.1,182.9,L,,,,,,59.7,101.5,M,,,,,,127.9,179,S,,,,
41.1,204.6,L,,,,,,59.7,196.9,M,,,,,,127.9,244.9,L,,,,
41.6,122.1,M,,,,,,59.7,251.1,L,,,,,,128.7,75.2,L,,,,
41.9,6.2,L,,,,,,60.5,116.3,L,,,,,,128.7,112.4,L,,,,
41.9,20.2,L,,,,,,60.5,158.1,L,,,,,,128.7,165.9,L,,,,
41.9,67.4,L,,,,,,60.5,175.2,M,,,,,,128.7,187.6,M,,,,
41.9,77.5,M,,,,,,60.5,204.6,M,,,,,,128.7,258.9,L,,,,
41.9,199.2,L,,,,,,61.2,14.7,L,,,,,,129.4,65.9,L,,,,
42.6,161.2,M,,,,,,61.2,73.6,L,,,,,,129.4,301.5,L,,,,
42.6,172.8,L,,,,,,61.2,164.3,L,,,,,,129.4,312.3,M,,,,
42.6,209.3,L,,,,,,61.2,221.7,L,,,,,,129.8,145.8,NC,,,,
42.6,243.4,L,,,,,,61.2,272,S,,,,,,130.2,32.6,L,,,,
43.4,10.1,M,,,,,,61.2,309.2,L,,,,,,130.2,58.1,M,,,,
43.4,62,S,,,,,,62,7,M,,,,,,130.2,225.5,M,,,,
43.4,72.1,L,,,,,,62,25.6,L,,,,,,130.2,274.4,L,,,,
43.4,86,L,,,,,,62,299.9,L,,,,,,131,131.8,L,,,,
43.4,116.3,M,,,,,,62,323.2,M,,,,,,131,265.8,S,,,,
43.4,224.8,L,,,,,,62,341.8,L,,,,,,131.8,21.7,L,,,,
44.2,14.7,M,,,,,,62,389.9,L,,,,,,132.5,203.1,L,,,,
44.2,40.3,L,,,,,,62.8,48.1,L,,,,,,133.1,45.8,M,,,,
44.2,95.3,M,,,,,,62.8,56.6,L,,,,,,134.1,195.3,M,,,,
44.2,106.2,L,,,,,,62.8,80.6,L,,,,,,134.1,289.1,M,,,,
44.2,130.2,M,,,,,,62.8,107.7,M,,,,,,134.1,321.6,L,,,,
44.2,179.8,S,,,,,,62.8,241.8,M,,,,,,134.2,214.6,L,,,,
44.2,190.7,L,,,,,,62.8,280.6,L,,,,,,134.9,178.3,L,,,,
44.2,229.4,L,,,,,,62.8,352.7,L,,,,,,135.6,68.2,L,,,,
45,23.3,L,,,,,,63.6,33.3,L,,,,,,135.6,119.4,L,,,,
45,35.7,L,,,,,,63.6,124,L,,,,,,135.6,231,L,,,,
45,45,L,,,,,,63.6,213.1,L,,,,,,136.4,80.6,S,,,,
45,51.2,M,,,,,,63.6,231,M,,,,,,136.4,93,M,,,,
45,80.6,L,,,,,,63.6,257.3,M,,,,,,136.4,162,M,,,,
45,110.1,L,,,,,,63.6,334,L,,,,,,136.4,251.1,M,,,,
45,136.4,L,,,,,,63.6,372,L,,,,,,136.4,299.2,S,,,,
45,141.8,M,,,,,,64.3,63.6,M,,,,,,136.4,344.1,L,,,,
45,148,L,,,,,,64.3,290.6,L,,,,,,138,187.6,M,,,,
45,156.6,L,,,,,,65.1,89.9,S,,,,,,138,222.4,S,,,,
45,167.4,L,,,,,,65.1,96.9,M,,,,,,138,330.2,M,,,,
45,195.3,L,,,,,,65.1,138.7,L,,,,,,138.7,149.6,L,,,,
45.7,29.5,M,,,,,,65.1,182.9,L,,,,,,139.5,35.7,L,,,,
45.7,66.7,L,,,,,,65.9,129.4,L,,,,,,139.5,107,L,,,,
45.7,126.3,L,,,,,,65.9,151.1,L,,,,,,139.5,238.7,M,,,,
45.7,185.2,L,,,,,,65.9,191.4,M,,,,,,139.5,264.3,L,,,,
45.7,213.9,S,,,,,,65.9,381.3,L,,,,,,139.5,309.2,L,,,,
45.7,218.6,L,,,,,,66.5,167.5,L,,,,,,140,135.3,L,,,,
45.7,237.9,M,,,,,,66.7,42.6,L,,,,,,140.3,19.4,L,,,,
46.5,90.7,L,,,,,,66.7,247.2,L,,,,,,140.3,277.5,M,,,,
46.5,100.8,S,,,,,,66.7,312.3,L,,,,,,141.1,58.9,L,,,,
46.5,119.4,L,,,,,,66.7,363.5,M,,,,,,141.1,201.5,L,,,,
46.5,152.7,M,,,,,,67.4,72.1,L,,,,,,142.6,42.6,L,,,,
46.5,206.9,L,,,,,,67.4,176.7,L,,,,,,143.4,168.2,L,,,,
47.3,18.6,L,,,,,,67.4,197.6,L,,,,,,143.4,289.9,L,,,,
47.3,76.7,L,,,,,,67.4,224,S,,,,,,144.2,8.5,L,,,,
47.3,169.7,L,,,,,,67.4,301.5,L,,,,,,144.9,71.3,M,,,,
47.3,243.4,L,,,,,,68.2,13.2,L,,,,,,144.9,82.2,M,,,,
48.1,5.4,L,,,,,,68.2,19.4,L,,,,,,144.9,120.1,L,,,,
48.1,53.5,L,,,,,,68.2,107,M,,,,,,144.9,154.2,L,,,,
48.1,85.3,L,,,,,,68.2,117,L,,,,,,144.9,221.7,L,,,,
48.1,161.2,L,,,,,,68.2,265.1,L,,,,,,145.7,177.5,L,,,,
48.1,200.7,L,,,,,,68.2,272.8,M,,,,,,145.7,190.7,L,,,,
48.3,58.7,M,,,,,,69,51.9,L,,,,,,145.7,256.5,L,,,,
48.8,9.3,L,,,,,,69,80.6,L,,,,,,145.7,318.5,M,,,,
48.8,14.7,L,,,,,,69,206.9,L,,,,,,145.7,332.5,NC,,,,
48.8,39.5,L,,,,,,69,237.2,L,,,,,,146.5,95.3,M,,,,
48.8,113.9,L,,,,,,69,342.6,L,,,,,,146.5,210,L,,,,
48.8,132.5,S,,,,,,69,356,M,,,,,,146.5,229.4,L,,,,
48.8,144.9,M,,,,,,69.8,4.7,L,,,,,,146.6,300.1,M,,,,
48.8,174.4,L,,,,,,69.8,134.9,L,,,,,,147.3,104.6,L,,,,
48.8,224,M,,,,,,69.8,143.4,L,,,,,,147.3,134.9,NC,,,,
49.1,95.6,L,,,,,,69.8,282.1,L,,,,,,147.3,145.7,NC,,,,
49.6,48.1,L,,,,,,69.8,319.3,M,,,,,,147.3,344.1,L,,,,
49.6,62.8,L,,,,,,70.5,65.9,L,,,,,,148,244.1,L,,,,
49.6,103.9,M,,,,,,70.5,124.8,L,,,,,,149.6,20.9,L,,,,
49.6,123.2,L,,,,,,70.5,373.6,L,,,,,,149.6,50.4,L,,,,
49.6,138.7,L,,,,,,71.3,31.8,L,,,,,,149.8,34.9,NC,,,,
49.6,193.8,L,,,,,,71.3,167.4,L,,,,,,151.1,271.3,L,,,,
49.6,212.4,L,,,,,,71.3,216.2,M,,,,,,151.1,283.7,L,,,,
49.6,232.5,L,,,,,,71.3,257.3,L,,,,,,151.9,65.1,L,,,,
50.4,22.5,M,,,,,,71.3,292.2,L,,,,,,151.9,124,L,,,,
50.4,34.9,L,,,,,,71.3,306.1,L,,,,,,151.9,163.5,S,,,,
50.4,79.8,L,,,,,,71.3,389.1,L,,,,,,151.9,328.6,L,,,,
50.4,110.1,L,,,,,,72.1,58.1,M,,,,,,152.7,172.8,L,,,,
50.4,128.7,M,,,,,,72.1,89.1,M,,,,,,152.7,305.4,L,,,,
50.4,155.8,L,,,,,,72.1,152.7,L,,,,,,153.5,7.9,S,,,,
50.4,189.1,L,,,,,,72.1,183.7,M,,,,,,153.5,262,S,,,,
50.4,218.6,L,,,,,,72.1,333.3,M,,,,,,154.2,79.1,L,,,,
51.2,28.7,L,,,,,,72.9,97.7,L,,,,,,154.2,94.6,L,,,,
51.2,68.2,L,,,,,,72.9,227.1,L,,,,,,154.2,110.1,M,,,,
51.2,118.6,L,,,,,,72.9,248.8,S,,,,,,154.2,147.3,M,,,,
51.2,150.4,M,,,,,,72.9,359.6,M,,,,,,154.2,220.9,M,,,,
51.2,181.4,L,,,,,,73.6,22.5,L,,,,,,155,197.6,L,,,,
51.2,204.6,M,,,,,,73.6,113.2,L,,,,,,155,251.9,L,,,,
51.2,238.7,L,,,,,,73.6,241.8,L,,,,,,155,291.4,L,,,,
51.9,43.4,L,,,,,,73.6,381.3,L,,,,,,155.8,183.7,L,,,,
51.9,85.3,S,,,,,,74.4,193,M,,,,,,155.8,207.7,L,,,,
51.9,99.2,L,,,,,,74.4,270.5,M,,,,,,155.8,234.8,L,,,,
51.9,165.9,L,,,,,,74.4,341,L,,,,,,157.3,31,L,,,,
51.9,227.9,L,,,,,,74.4,351.1,L,,,,,,157.3,58.1,L,,,,
51.9,244.9,L,,,,,,75.2,12.4,M,,,,,,158.1,155.8,M,,,,
52.7,17.8,L,,,,,,75.2,39.5,L,,,,,,158.8,340.7,NC,,,,
52.7,48.8,M,,,,,,75.2,79.8,L,,,,,,158.9,43.4,L,,,,
52.7,171.3,L,,,,,,75.2,160.4,L,,,,,,158.9,134.1,L,,,,
52.7,222.4,L,,,,,,75.2,296.8,L,,,,,,158.9,313.1,M,,,,
53.5,10.9,L,,,,,,75.2,323.2,M,,,,,,159.7,324,M,,,,
53.5,54.3,S,,,,,,75.2,365.1,L,,,,,,160.4,19.4,S,,,,
53.5,75.2,M,,,,,,76,45,L,,,,,,160.4,169,M,,,,
53.5,93.8,M,,,,,,76,73.6,M,,,,,,161.1,187,NC,,,,
53.5,134.1,L,,,,,,76,130.2,M,,,,,,161.2,75.2,L,,,,
53.5,146.5,M,,,,,,76,172.8,M,,,,,,161.2,120.1,L,,,,
53.5,160.4,S,,,,,,76,200.7,L,,,,,,161.2,240.3,L,,,,
53.5,176.7,L,,,,,,76,210.8,L,,,,,,161.2,264.3,L,,,,
53.5,198.4,L,,,,,,76,278.2,L,,,,,,161.2,275.9,M,,,,
54.3,38,L,,,,,,76.7,3.9,L,,,,,,162,104.6,L,,,,
54.3,64.3,L,,,,,,76.7,286,S,,,,,,162,224,L,,,,
54.3,103.1,M,,,,,,76.7,315.4,L,,,,,,162,299.9,L,,,,
54.3,113.9,M,,,,,,77.5,28.7,L,,,,,,162.8,10.1,L,,,,
54.3,124,L,,,,,,77.5,52.7,L,,,,,,162.8,201.5,L,,,,
54.3,190.7,L,,,,,,77.5,62,L,,,,,,162.8,250.3,M,,,,
55,26.4,L,,,,,,77.5,106.2,S,,,,,,162.8,286.8,S,,,,
55,31,L,,,,,,77.5,262,L,,,,,,164.3,62.8,S,,,,
55,79.1,M,,,,,,78.3,144.9,L,,,,,,165.1,90.7,L,,,,
55,140.3,L,,,,,,78.3,222.4,M,,,,,,165.1,140.3,L,,,,
55,185.2,M,,,,,,78.3,231,L,,,,,,165.9,24.8,L,,,,
55,209.3,L,,,,,,78.3,305.4,M,,,,,,165.9,211.6,L,,,,
55,233.3,S,,,,,,79.1,89.1,L,,,,,,165.9,330.9,L,,,,
55.7,214.8,S,,,,,,79.1,97.7,L,,,,,,166.6,34.9,M,,,,
55.8,20.2,S,,,,,,79.1,119.4,L,,,,,,167.4,156.6,L,,,,
55.8,44.2,L,,,,,,79.1,181.4,L,,,,,,167.4,233.3,S,,,,
55.8,89.9,L,,,,,,79.1,248.8,L,,,,,,168.2,180.6,L,,,,
55.8,155,L,,,,,,79.1,331.7,L,,,,,,168.2,340.2,L,,,,
55.8,180.6,M,,,,,,79.8,19.4,L,,,,,,169,69,L,,,,
55.8,227.1,M,,,,,,79.8,375.1,L,,,,,,169,122.5,L,,,,
55.8,241.8,L,,,,,,79.8,385.2,L,,,,,,169,316.2,L,,,,
56.6,8.5,L,,,,,,80.6,35.7,L,,,,,,169.7,286.8,L,,,,
56.6,14,L,,,,,,80.6,69,L,,,,,,170.5,81.4,M,,,,
56.6,58.9,L,,,,,,80.6,79.8,L,,,,,,170.5,97.7,L,,,,
56.6,69.8,S,,,,,,80.6,138,L,,,,,,170.5,110.8,S,,,,
56.6,98.4,S,,,,,,80.6,152.7,L,,,,,,170.5,167.4,M,,,,
56.6,119.4,L,,,,,,80.6,190.7,S,,,,,,170.5,258.1,M,,,,
56.6,129.4,M,,,,,,80.6,358.1,S,,,,,,170.5,299.9,L,,,,
56.6,150.4,L,,,,,,81.4,293.7,M,,,,,,170.6,51.9,M,,,,
57.4,83.7,L,,,,,,82.2,12.4,M,,,,,,171.3,275.9,L,,,,
57.4,164.3,L,,,,,,82.2,110.8,L,,,,,,172.8,136.4,L,,,,
57.4,169.7,L,,,,,,82.2,124.8,M,,,,,,172.8,192.2,L,,,,
57.4,173.6,M,,,,,,82.2,161.2,L,,,,,,172.8,223.2,M,,,,
57.4,219.3,L,,,,,,82.2,238.7,L,,,,,,173.6,11.6,L,,,,
58.1,28.7,L,,,,,,82.2,325.5,S,,,,,,173.6,24.8,L,,,,
58.1,39.5,L,,,,,,82.2,365.1,L,,,,,,174.4,41.9,L,,,,
58.1,50.4,M,,,,,,82.9,26.4,L,,,,,,174.4,238.7,L,,,,
58.1,186,M,,,,,,82.9,170.5,L,,,,,,175.9,205.4,L,,,,
58.1,197.6,L,,,,,,82.9,197.6,L,,,,,,175.9,308.5,L,,,,
58.9,3.9,L,,,,,,82.9,213.1,M,,,,,,176.7,58.1,M,,,,
58.9,34.1,L,,,,,,82.9,263.5,L,,,,,,176.7,103.1,L,,,,
58.9,74.4,M,,,,,,82.9,280.6,L,,,,,,176.7,174.4,L,,,,
58.9,93.8,L,,,,,,82.9,314.7,L,,,,,,176.7,324,M,,,,
58.9,103.9,L,,,,,,82.9,341.8,M,,,,,,177.5,71.3,L,,,,
58.9,135.6,L,,,,,,83.7,55.8,M,,,,,,177.5,114.7,L,,,,
58.9,144.2,M,,,,,,83.7,203.8,M,,,,,,177.5,144.9,L,,,,
58.9,158.9,M,,,,,,83.7,255,L,,,,,,177.5,249.6,L,,,,
58.9,192.2,L,,,,,,83.7,272.8,L,,,,,,178.3,157.3,L,,,,
59.1,125.9,S,,,,,,84.5,47.3,L,,,,,,178.3,217.8,L,,,,
59.4,122.6,S,,,,,,84.5,223.2,L,,,,,,178.3,291.4,L,,,,
59.7,65.1,L,,,,,,84.5,231,L,,,,,,179,90.7,M,,,,
59.7,79.1,L,,,,,,84.5,302.3,M,,,,,,179,127.9,L,,,,
59.7,107.7,M,,,,,,85.3,103.1,L,,,,,,179,262.7,M,,,,
59.7,113.2,L,,,,,,85.3,144.2,L,,,,,,179.8,275.1,M,,,,
59.7,211.6,M,,,,,,85.3,351.9,L,,,,,,179.8,333.3,L,,,,
59.7,237.2,L,,,,,,86,62,M,,,,,,181.4,183.7,L,,,,
60.5,16.3,M,,,,,,86,83.7,L,,,,,,181.4,229.4,M,,,,
60.5,22.5,L,,,,,,86,93.8,L,,,,,,181.6,27,S,,,,
60.5,46.5,L,,,,,,86,117.8,L,,,,,,182.1,194.5,L,,,,
60.5,55,M,,,,,,86,131.8,L,,,,,,183.4,318.9,L,,,,
60.5,154.2,M,,,,,,86,179,L,,,,,,183.7,38,NC,,,,
60.5,206.2,L,,,,,,86,188.3,L,,,,,,183.7,208.5,M,,,,
60.5,222.4,M,,,,,,86,333.3,L,,,,,,183.8,245.4,S,,,,
60.5,232.5,L,,,,,,86,380.6,L,,,,,,184.5,49.8,L,,,,
61.2,69.8,M,,,,,,86.8,6.2,M,,,,,,184.5,81.4,M,,,,
61.2,84.5,L,,,,,,86.8,72.9,M,,,,,,184.5,119.4,S,,,,
61.2,148,S,,,,,,87.6,244.9,L,,,,,,184.5,309.2,L,,,,
62,10.9,L,,,,,,87.6,373.6,M,,,,,,184.9,14.5,L,,,,
62,36.4,L,,,,,,88.4,32.6,L,,,,,,185.2,140.3,M,,,,
62,41.1,L,,,,,,88.4,207.7,S,,,,,,185.2,166.6,M,,,,
62,60.5,M,,,,,,88.4,290.6,L,,,,,,186,62.8,L,,,,
62,89.1,L,,,,,,88.4,320.1,L,,,,,,186,98.4,M,,,,
62,98.4,L,,,,,,88.4,359.6,L,,,,,,186,255.8,L,,,,
62,117.8,M,,,,,,89.1,41.1,L,,,,,,186,296.8,S,,,,
62,162.8,M,,,,,,89.1,111.6,M,,,,,,186.8,174.4,S,,,,
62,179.8,S,,,,,,89.1,138,L,,,,,,187.6,151.9,M,,,,
62,201.5,L,,,,,,89.1,151.1,M,,,,,,187.6,218.6,L,,,,
62,217,S,,,,,,89.1,167.4,L,,,,,,187.6,270.5,L,,,,
62,241.8,S,,,,,,89.4,281.3,L,,,,,,188.3,286,L,,,,
62,246.5,M,,,,,,89.9,160.4,L,,,,,,188.5,23.9,NC,,,,
62.8,7.8,M,,,,,,89.9,216.2,L,,,,,,189.1,72.1,S,,,,
62.8,26.4,L,,,,,,89.9,262,L,,,,,,189.1,127.1,L,,,,
62.8,31,S,,,,,,89.9,341,L,,,,,,189.1,232.5,M,,,,
62.8,134.1,L,,,,,,90.7,23.3,L,,,,,,189.6,336.7,S,,,,
62.8,139.5,M,,,,,,90.7,49.6,S,,,,,,189.9,112.4,L,,,,
62.8,169,L,,,,,,90.7,78.3,L,,,,,,190.7,48.1,M,,,,
62.8,185.2,M,,,,,,90.7,123.2,L,,,,,,190.7,242.6,M,,,,
62.8,191.4,L,,,,,,90.7,308.5,L,,,,,,191.4,195.3,M,,,,
62.8,196.9,L,,,,,,90.7,386,L,,,,,,192.2,38,M,,,,
62.8,226.3,L,,,,,,91.5,57.4,L,,,,,,192.2,144.2,S,,,,
63.6,2.3,L,,,,,,91.5,68.2,L,,,,,,193,83.7,L,,,,
63.6,20.2,L,,,,,,91.5,89.1,L,,,,,,193.2,329.8,M,,,,
63.6,50.4,M,,,,,,91.5,101.5,L,,,,,,193.8,175.9,L,,,,
63.6,79.8,L,,,,,,91.5,235.6,L,,,,,,194.5,161.2,L,,,,
63.6,103.1,L,,,,,,91.5,298.4,L,,,,,,194.5,300.7,L,,,,
63.6,128.7,L,,,,,,91.5,327.8,L,,,,,,195.3,135.6,L,,,,
63.6,173.6,L,,,,,,91.5,367.4,L,,,,,,196.1,11.6,L,,,,
63.6,237.2,L,,,,,,92.2,14,M,,,,,,196.1,55,M,,,,
64.3,65.9,M,,,,,,92.2,182.1,L,,,,,,196.1,96.9,L,,,,
64.3,74.4,L,,,,,,92.2,275.1,L,,,,,,196.1,186,L,,,,
64.3,107,M,,,,,,93,189.9,L,,,,,,196.1,254.2,L,,,,
64.3,158.1,L,,,,,,93,225.5,L,,,,,,196.2,103.1,NC,,,,
65.1,112.4,S,,,,,,93,349.6,L,,,,,,196.9,204.6,L,,,,
65.1,145.7,M,,,,,,93.8,4.7,L,,,,,,196.9,214.7,L,,,,
65.1,151.9,M,,,,,,93.8,117.8,L,,,,,,196.9,314.7,M,,,,
65.1,205.4,L,,,,,,93.8,144.2,L,,,,,,197.3,287.7,L,,,,
65.1,221.7,L,,,,,,93.8,242.6,S,,,,,,197.6,116.2,L,,,,
65.9,38.8,L,,,,,,93.8,285.2,L,,,,,,198.4,67.4,L,,,,
65.9,45,L,,,,,,93.8,336.4,L,,,,,,198.4,149.6,L,,,,
65.9,55.8,L,,,,,,94.6,108.5,M,,,,,,198.4,262.7,L,,,,
65.9,86,L,,,,,,94.6,128.7,L,,,,,,198.4,272.8,M,,,,
65.9,93,L,,,,,,94.6,377.5,M,,,,,,199.1,338,L,,,,
65.9,122.5,L,,,,,,95.1,267,L,,,,,,199.2,227.1,L,,,,
65.9,164.3,L,,,,,,95.3,28.7,L,,,,,,200.2,29,S,,,,
66.7,10.1,M,,,,,,95.3,45,L,,,,,,201.9,75.2,L,,,,
66.7,33.3,L,,,,,,95.3,201.5,L,,,,,,202.3,18.3,M,,,,
66.7,133.3,L,,,,,,95.3,209.3,L,,,,,,202.3,41.9,L,,,,
66.7,177.5,L,,,,,,95.3,291.4,S,,,,,,202.3,240.3,L,,,,
66.7,210.8,L,,,,,,96.1,81.4,S,,,,,,202.3,303.8,M,,,,
66.7,215.5,L,,,,,,96.1,92.2,M,,,,,,203.1,127.9,S,,,,
66.7,241.8,L,,,,,,96.1,152.7,M,,,,,,203.1,318.5,M,,,,
67.4,5.4,M,,,,,,96.1,169.7,L,,,,,,203.8,92.2,L,,,,
67.4,24,L,,,,,,96.1,257.3,L,,,,,,203.8,169.7,L,,,,
67.4,27.9,L,,,,,,96.1,317.8,L,,,,,,203.8,184.5,L,,,,
67.4,99.2,M,,,,,,96.9,17.8,L,,,,,,204.6,101.6,L,,,,
67.4,117,L,,,,,,96.9,35.7,M,,,,,,204.6,154.2,M,,,,
67.4,169,L,,,,,,96.9,54.3,L,,,,,,204.6,162.8,M,,,,
67.4,182.9,L,,,,,,96.9,65.1,L,,,,,,204.6,194.5,L,,,,
67.4,189.1,L,,,,,,96.9,344.1,M,,,,,,204.8,64.3,S,,,,
67.4,200.7,L,,,,,,96.9,355,S,,,,,,205.4,111.6,M,,,,
68.2,14,M,,,,,,96.9,389.1,L,,,,,,205.4,217.8,L,,,,
68.2,48.8,S,,,,,,97.7,75.2,L,,,,,,206.7,290.6,L,,,,
68.2,76,L,,,,,,97.7,234.1,L,,,,,,206.9,138,L,,,,
68.2,82.2,M,,,,,,97.7,362.7,L,,,,,,206.9,248.8,S,,,,
68.2,107.7,L,,,,,,98.4,160.4,M,,,,,,207,276.2,NC,,,,
68.2,195.3,M,,,,,,98.4,179,L,,,,,,207.5,327.8,L,,,,
68.2,233.3,L,,,,,,98.4,307.7,M,,,,,,207.7,25.6,L,,,,
69,19.4,S,,,,,,99.2,9.3,L,,,,,,207.7,53.5,L,,,,
69,138.7,M,,,,,,99.2,102.3,L,,,,,,209.3,82.2,NC,,,,
69,155.8,L,,,,,,99.2,144.2,L,,,,,,209.3,122.5,L,,,,
69.8,31,M,,,,,,99.2,216.2,L,,,,,,209.3,174.4,L,,,,
69.8,61.2,M,,,,,,99.2,224,L,,,,,,209.3,203.1,L,,,,
69.8,65.1,S,,,,,,99.2,326.3,M,,,,,,209.3,308.5,L,,,,
69.8,89.1,L,,,,,,99.2,371.3,L,,,,,,210,233.3,L,,,,
69.8,149.6,M,,,,,,100,117,M,,,,,,210,258.9,M,,,,
69.8,162,L,,,,,,100,193.8,L,,,,,,210.8,38,L,,,,
69.8,225.5,M,,,,,,100,296.8,L,,,,,,211.9,296.1,S,,,,
70.5,37.2,M,,,,,,100.8,185.2,M,,,,,,212.4,10.1,L,,,,
70.5,41.9,M,,,,,,100.8,275.1,L,,,,,,212.4,144.9,L,,,,
70.5,94.6,L,,,,,,101.5,109.3,L,,,,,,213.1,68.2,L,,,,
70.5,111.6,L,,,,,,101.5,334,L,,,,,,213.1,220.9,L,,,,
70.5,124.8,L,,,,,,101.6,267,S,,,,,,213.1,331.7,L,,,,
70.5,143.4,M,,,,,,102.3,60.5,S,,,,,,213.9,53.5,L,,,,
70.5,173.6,L,,,,,,102.3,83.7,L,,,,,,214.4,158.2,NC,,,,
70.5,204.6,L,,,,,,102.3,129.4,L,,,,,,214.7,102.3,L,,,,
71.3,7,L,,,,,,102.3,151.1,L,,,,,,215,267.5,NC,,,,
71.3,77.5,L,,,,,,102.3,208.5,L,,,,,,215.5,89.9,L,,,,
71.3,103.9,L,,,,,,102.3,259.6,M,,,,,,215.5,186.8,L,,,,
71.3,168.2,L,,,,,,102.3,283.7,L,,,,,,216.2,20.2,M,,,,
71.3,179,L,,,,,,103.1,3.9,L,,,,,,216.2,116.3,M,,,,
71.3,185.2,S,,,,,,103.1,24,L,,,,,,216.2,234.8,L,,,,
71.3,200,L,,,,,,103.1,41.9,M,,,,,,216.8,316,L,,,,
71.3,210,L,,,,,,103.1,77.5,L,,,,,,217,246.5,L,,,,
71.3,217.8,L,,,,,,103.1,93.8,M,,,,,,217.8,31.8,L,,,,
72.1,10.9,L,,,,,,103.1,167.4,L,,,,,,217.8,200,L,,,,
72.1,71.3,L,,,,,,103.1,351.1,M,,,,,,217.8,209.3,L,,,,
72.1,118.6,L,,,,,,103.9,48.1,M,,,,,,218.6,41.1,L,,,,
72.1,129.4,L,,,,,,103.9,70.5,L,,,,,,218.6,279.8,M,,,,
72.1,190.7,L,,,,,,103.9,175.9,M,,,,,,219.3,80.6,L,,,,
72.1,237.9,L,,,,,,103.9,199.2,L,,,,,,219.3,141.1,S,,,,
72.1,243.4,S,,,,,,103.9,289.9,L,,,,,,219.3,176.7,M,,,,
72.9,2.3,M,,,,,,104.6,16.3,M,,,,,,219.5,302.3,L,,,,
72.9,17.1,L,,,,,,104.6,32.6,S,,,,,,220.1,165.1,M,,,,
72.9,45.7,M,,,,,,104.6,229.4,L,,,,,,220.9,290.6,M,,,,
72.9,51.9,L,,,,,,104.6,239.5,L,,,,,,221.7,326.3,L,,,,
72.9,55.8,M,,,,,,104.6,249.6,M,,,,,,222.4,61.2,L,,,,
72.9,85.3,L,,,,,,104.6,362,L,,,,,,222.4,260.4,M,,,,
72.9,108.5,L,,,,,,105.4,55,L,,,,,,223.2,5.4,L,,,,
72.9,158.1,L,,,,,,105.4,101.5,L,,,,,,223.2,117.8,L,,,,
72.9,231.7,M,,,,,,105.4,158.1,L,,,,,,223.2,132.5,L,,,,
73.6,99.2,M,,,,,,105.4,213.9,L,,,,,,223.2,221.7,L,,,,
73.6,113.2,M,,,,,,105.4,376.7,M,,,,,,224,17.8,M,,,,
74.4,31.8,M,,,,,,106.2,189.9,M,,,,,,224,51.9,L,,,,
74.4,41.9,M,,,,,,106.2,306.9,L,,,,,,224.8,101.5,L,,,,
74.4,61.2,M,,,,,,106.2,340.2,L,,,,,,224.8,151.9,L,,,,
74.4,89.9,L,,,,,,107,9.3,L,,,,,,225.5,88.4,L,,,,
74.4,133.3,L,,,,,,107,141.8,L,,,,,,225.5,189.1,L,,,,
74.4,144.9,L,,,,,,107,320.9,M,,,,,,225.5,232.5,L,,,,
75.2,21.7,M,,,,,,107,368.9,L,,,,,,225.5,310,L,,,,
75.2,67.4,L,,,,,,107,382.1,M,,,,,,225.5,335.6,L,,,,
75.2,75.2,M,,,,,,107.7,120.9,M,,,,,,226.2,70.1,L,,,,
75.2,163.5,L,,,,,,107.7,133.3,L,,,,,,227.3,215,L,,,,
75.2,225.5,L,,,,,,107.7,221.7,L,,,,,,227.6,29.9,L,,,,
76,95.3,NC,,,,,,108.5,89.9,M,,,,,,228.6,41.9,M,,,,
76,102.3,L,,,,,,108.5,182.1,L,,,,,,228.6,200.7,L,,,,
76,155.8,L,,,,,,108.5,270.5,L,,,,,,228.6,282.1,L,,,,
76,167.4,L,,,,,,108.5,299.2,S,,,,,,229,265.1,M,,,,
76,179.8,L,,,,,,108.6,162.2,M,,,,,,229.4,294.5,L,,,,
76,186.8,L,,,,,,109,82.6,L,,,,,,229.4,327.1,S,,,,
76,194.5,L,,,,,,109.3,22.5,L,,,,,,230.2,159.7,L,,,,
76,203.1,M,,,,,,109.3,62.8,M,,,,,,230.2,247.2,L,,,,
76,208.5,L,,,,,,109.3,72.1,L,,,,,,231,56.6,S,,,,
76,213.9,L,,,,,,109.3,111.6,L,,,,,,231,108.5,L,,,,
76,241,L,,,,,,109.3,171.3,S,,,,,,231,120.9,L,,,,
76.7,3.9,L,,,,,,109.3,350.3,L,,,,,,231,140.3,L,,,,
76.7,27.9,M,,,,,,110.1,38,L,,,,,,231.7,15.5,S,,,,
76.7,36.4,S,,,,,,110.1,148,L,,,,,,231.7,315.4,M,,,,
76.7,53.5,L,,,,,,110.1,233.3,L,,,,,,233.3,74.4,L,,,,
76.7,117.8,M,,,,,,110.1,330.2,L,,,,,,234.1,173.6,L,,,,
76.7,123.2,L,,,,,,110.8,45.7,L,,,,,,234.1,235.6,L,,,,
76.7,137.2,L,,,,,,110.8,104.6,L,,,,,,234.1,258.1,S,,,,
76.7,148.8,L,,,,,,110.8,199.2,L,,,,,,234.8,48.1,L,,,,
76.7,172.8,M,,,,,,110.8,258.9,M,,,,,,235.2,325.1,M,,,,
76.7,218.6,L,,,,,,110.8,277.5,L,,,,,,235.6,25.6,L,,,,
76.7,246.5,L,,,,,,110.8,375.1,L,,,,,,235.6,91.5,L,,,,
77.5,9.3,M,,,,,,111.6,14.7,L,,,,,,235.6,190.7,M,,,,
77.5,14.7,L,,,,,,111.6,31,L,,,,,,235.6,210,L,,,,
77.5,48.1,L,,,,,,111.6,206.9,M,,,,,,235.6,337.1,L,,,,
77.5,58.1,L,,,,,,111.6,215.5,L,,,,,,236.4,179.8,S,,,,
77.5,86,M,,,,,,111.6,241.8,M,,,,,,237.2,62.8,L,,,,
77.5,127.9,L,,,,,,111.6,286,L,,,,,,237.2,291.4,S,,,,
77.5,235.6,M,,,,,,111.6,337.1,L,,,,,,237.2,302.3,L,,,,
78.3,79.1,L,,,,,,112.4,251.9,L,,,,,,237.4,279.3,L,,,,
78.3,111.6,L,,,,,,112.4,360.4,L,,,,,,237.9,11.6,L,,,,
78.3,144.2,L,,,,,,112.4,389.1,L,,,,,,237.9,109.3,L,,,,
78.3,159.7,L,,,,,,113.2,3.9,M,,,,,,238.7,81.4,L,,,,
79.1,62.8,M,,,,,,113.2,95.3,M,,,,,,238.7,129.4,M,,,,
79.1,90.7,M,,,,,,113.2,127.1,L,,,,,,238.7,152.7,L,,,,
79.8,18.6,L,,,,,,113.2,190.7,L,,,,,,239.2,33.8,NC,,,,
79.8,24.8,L,,,,,,113.2,223.2,L,,,,,,239.9,222.4,L,,,,
79.8,32.6,L,,,,,,113.9,55,L,,,,,,240.3,142.6,L,,,,
79.8,68.2,S,,,,,,113.9,78.3,L,,,,,,240.3,260.4,L,,,,
79.8,74.4,L,,,,,,113.9,117,L,,,,,,241,166.6,M,,,,
79.8,100.8,S,,,,,,113.9,134.9,L,,,,,,241,242.4,L,,,,
79.8,106.2,L,,,,,,113.9,156.6,L,,,,,,241.8,100,M,,,,
79.8,164.3,L,,,,,,113.9,270.5,M,,,,,,241.8,118.6,S,,,,
79.8,183.7,M,,,,,,113.9,294.5,L,,,,,,242.6,318.5,S,,,,
79.8,202.3,L,,,,,,113.9,313.1,M,,,,,,243.4,287.5,L,,,,
79.8,222.4,L,,,,,,114.7,86,S,,,,,,244.1,179.8,L,,,,
79.8,227.1,L,,,,,,115.5,69,L,,,,,,244.1,200.7,L,,,,
79.8,238.7,M,,,,,,115.5,165.9,M,,,,,,244.1,228.6,M,,,,
80.6,2.3,M,,,,,,115.5,180.6,M,,,,,,244.1,308.5,L,,,,
80.6,38.8,L,,,,,,115.5,233.3,L,,,,,,244.9,20.2,L,,,,
80.6,82.9,L,,,,,,115.5,302.3,L,,,,,,244.9,67.4,L,,,,
80.6,120.9,L,,,,,,115.5,348.8,L,,,,,,244.9,268.2,L,,,,
80.6,149.6,L,,,,,,115.5,366.6,L,,,,,,244.9,332.5,M,,,,
80.6,170.5,L,,,,,,117,32.6,L,,,,,,245.7,54.3,L,,,,
80.6,189.9,L,,,,,,117,38.8,L,,,,,,246.5,44.2,M,,,,
80.6,196.1,L,,,,,,117,110.1,S,,,,,,246.5,80.6,L,,,,
80.6,215.5,S,,,,,,117,263.5,M,,,,,,246.5,127.1,L,,,,
81.4,12.4,S,,,,,,117,321.6,M,,,,,,247.2,8.5,L,,,,
81.4,43.4,L,,,,,,117,381.3,L,,,,,,247.2,212.4,L,,,,
81.4,48.8,L,,,,,,117.8,9.3,L,,,,,,248,29.5,L,,,,
81.4,54.3,L,,,,,,117.8,62.8,L,,,,,,248,114,L,,,,
81.4,135.6,L,,,,,,117.8,100,M,,,,,,248,140.3,L,,,,
81.4,141.1,L,,,,,,117.8,150.4,L,,,,,,248,156.6,L,,,,
81.4,175.2,M,,,,,,117.8,172.1,L,,,,,,248.7,244.8,NC,,,,
82.2,59.7,L,,,,,,117.8,287.5,L,,,,,,248.8,187.6,L,,,,
82.2,77.5,L,,,,,,118.6,14.7,L,,,,,,249.8,259.2,M,,,,
82.2,86.8,M,,,,,,118.6,22.5,L,,,,,,250.3,170.5,L,,,,
82.2,96.9,M,,,,,,118.6,46.5,M,,,,,,250.3,318.5,L,,,,
82.2,114.7,L,,,,,,118.6,143.4,L,,,,,,251.1,221.7,S,,,,
82.2,127.9,M,,,,,,118.6,206.2,L,,,,,,251.1,296.1,M,,,,
82.2,154.2,M,,,,,,118.6,217.8,M,,,,,,251.9,72.9,L,,,,
82.9,7,L,,,,,,118.6,253.4,L,,,,,,251.9,89.1,M,,,,
82.9,231.7,M,,,,,,118.6,335.6,L,,,,,,251.9,100.8,L,,,,
82.9,244.1,L,,,,,,119.2,132.4,M,,,,,,252.7,271.3,L,,,,
83.7,34.9,M,,,,,,119.4,124,L,,,,,,252.7,341,L,,,,
83.7,71.3,L,,,,,,119.4,196.9,L,,,,,,253.1,200.9,M,,,,
83.7,92.2,L,,,,,,119.4,226.3,M,,,,,,253.4,12.4,S,,,,
83.7,144.9,L,,,,,,119.4,238.7,S,,,,,,254.2,56.6,L,,,,
83.7,161.2,L,,,,,,119.4,358.1,L,,,,,,254.2,141.1,M,,,,
83.7,167.4,L,,,,,,120.1,52.7,M,,,,,,255,241,L,,,,
83.7,179.8,L,,,,,,120.1,79.1,M,,,,,,255,306.1,L,,,,
83.7,186.8,L,,,,,,120.1,92.2,L,,,,,,255.8,47.3,L,,,,
84.5,20.2,L,,,,,,120.1,187.6,L,,,,,,255.8,64.3,NC,,,,
84.5,27.1,M,,,,,,120.1,386.8,L,,,,,,255.8,282.9,L,,,,
84.5,109.3,L,,,,,,120.4,177.3,S,,,,,,255.8,327.8,L,,,,
84.5,192.2,L,,,,,,120.9,158.9,L,,,,,,256.5,127.1,L,,,,
84.5,226.3,L,,,,,,120.9,270.5,L,,,,,,256.5,164.3,M,,,,
85.3,40.3,L,,,,,,120.9,370.5,L,,,,,,256.5,213.9,M,,,,
85.3,45,L,,,,,,121.7,71.3,L,,,,,,256.7,181.9,L,,,,
85.3,82.9,M,,,,,,121.7,116.3,L,,,,,,257.3,32.6,L,,,,
85.3,104.6,M,,,,,,121.7,308.5,L,,,,,,257.3,117.8,L,,,,
85.3,118.6,L,,,,,,121.7,345.7,L,,,,,,258.1,20.2,L,,,,
85.3,150.4,L,,,,,,122.5,107,L,,,,,,258.1,96.1,S,,,,
85.3,172.1,L,,,,,,123.2,37.2,L,,,,,,258.9,4.7,M,,,,
85.3,197.6,M,,,,,,123.2,85.3,M,,,,,,258.9,149.6,M,,,,
85.3,206.2,L,,,,,,123.2,143.4,M,,,,,,260.4,82.2,L,,,,
85.3,213.1,L,,,,,,123.2,246.5,L,,,,,,260.4,198.4,L,,,,
85.3,220.1,L,,,,,,123.2,279,L,,,,,,260.4,261.2,L,,,,
85.3,236.4,L,,,,,,123.2,298.4,L,,,,,,261.1,222.4,M,,,,
86,9.3,M,,,,,,123.2,325.5,L,,,,,,261.2,103.1,M,,,,
86,124,M,,,,,,124,10.1,M,,,,,,261.2,134.9,S,,,,
86,141.8,L,,,,,,124,19.4,L,,,,,,261.2,293.7,M,,,,
86.8,24,M,,,,,,124,60.5,M,,,,,,262,230.2,L,,,,
86.8,50.4,M,,,,,,124,98.4,M,,,,,,262,306.9,L,,,,
86.8,62,L,,,,,,124,151.9,M,,,,,,262.2,188.5,NC,,,,
86.8,130.2,L,,,,,,124,362.7,L,,,,,,262.2,340.9,NC,,,,
87.6,4.7,M,,,,,,124,379,S,,,,,,262.6,274.5,M,,,,
87.6,31,L,,,,,,124.5,134,L,,,,,,262.7,56.6,M,,,,
87.6,66.7,L,,,,,,124.8,29.5,L,,,,,,262.7,70.5,M,,,,
87.6,89.1,M,,,,,,124.8,45,M,,,,,,263.5,248.8,M,,,,
87.6,135.6,L,,,,,,125.6,66.7,L,,,,,,264.3,63.6,M,,,,
87.6,155.8,M,,,,,,125.6,124.8,L,,,,,,264.3,323.2,L,,,,
87.6,177.5,M,,,,,,125.6,207.7,L,,,,,,265.1,163.5,L,,,,
87.6,182.9,L,,,,,,125.6,227.9,L,,,,,,265.3,209.9,L,,,,
87.6,201.5,L,,,,,,125.6,263.5,L,,,,,,265.8,45,L,,,,
87.6,240.3,L,,,,,,125.6,315.4,L,,,,,,265.8,112.4,M,,,,
88.4,93.8,L,,,,,,125.6,334,S,,,,,,265.8,182.1,L,,,,
88.4,161.2,L,,,,,,125.6,352.7,M,,,,,,266.6,24.8,L,,,,
88.4,189.9,L,,,,,,126.3,74.4,L,,,,,,267.4,14,L,,,,
88.4,216.2,L,,,,,,126.3,166.6,L,,,,,,267.4,124,L,,,,
88.4,223.2,M,,,,,,126.3,175.9,L,,,,,,267.4,144.2,L,,,,
89.1,35.7,L,,,,,,126.3,193.8,M,,,,,,268.9,86.8,L,,,,
89.1,76,M,,,,,,126.3,201.5,S,,,,,,268.9,97.7,L,,,,
89.1,145.7,L,,,,,,126.3,252.7,L,,,,,,268.9,287.5,S,,,,
89.1,150.4,M,,,,,,127.1,52.7,L,,,,,,269.1,277.1,M,,,,
89.1,167.4,L,,,,,,127.1,92.2,S,,,,,,269.7,131.8,L,,,,
89.1,230.2,L,,,,,,127.1,114.7,L,,,,,,269.7,190.7,L,,,,
89.9,18.6,L,,,,,,127.1,184.5,L,,,,,,269.7,236.4,L,,,,
89.9,85.3,L,,,,,,127.1,217,L,,,,,,270.5,172.8,L,,,,
89.9,99.2,M,,,,,,127.1,237.9,L,,,,,,270.5,246.5,S,,,,
90.7,40.3,L,,,,,,127.1,287.5,L,,,,,,271.3,34.1,M,,,,
90.7,45,M,,,,,,128.7,272.8,L,,,,,,271.3,260.4,L,,,,
90.7,51.2,L,,,,,,129.4,159.7,M,,,,,,271.3,313.9,M,,,,
90.7,56.6,S,,,,,,129.4,303.8,L,,,,,,272,151.1,M,,,,
90.7,104.6,M,,,,,,129.4,370.5,M,,,,,,272,203.1,S,,,,
90.7,130.2,L,,,,,,129.4,379,L,,,,,,,,,,,,
90.7,172.8,L,,,,,,130.2,20.2,M,,,,,,,,,,,,
90.7,210,L,,,,,,130.2,38,M,,,,,,,,,,,,
90.7,234.8,L,,,,,,130.2,82.2,M,,,,,,,,,,,,
91.5,3.9,M,,,,,,130.2,107,L,,,,,,,,,,,,
91.5,9.3,M,,,,,,130.2,132.5,L,,,,,,,,,,,,
91.5,26.4,M,,,,,,130.2,147.3,M,,,,,,,,,,,,
91.5,31.8,L,,,,,,130.2,342.6,M,,,,,,,,,,,,
91.5,113.9,M,,,,,,130.2,360.4,L,,,,,,,,,,,,
91.5,136.4,L,,,,,,131,13.2,L,,,,,,,,,,,,
92.2,14,L,,,,,,131,62,L,,,,,,,,,,,,
92.2,65.9,M,,,,,,131,327.8,L,,,,,,,,,,,,
92.2,69.8,M,,,,,,131.8,6.2,L,,,,,,,,,,,,
92.2,79.8,M,,,,,,131.8,27.9,L,,,,,,,,,,,,
92.2,109.3,L,,,,,,131.8,122.5,L,,,,,,,,,,,,
92.2,186,L,,,,,,131.8,210.8,L,,,,,,,,,,,,
92.2,200,L,,,,,,131.8,232.5,L,,,,,,,,,,,,
92.2,226.3,L,,,,,,131.8,258.1,L,,,,,,,,,,,,
92.2,241,M,,,,,,131.8,322.4,L,,,,,,,,,,,,
93,22.5,M,,,,,,132.5,70.5,L,,,,,,,,,,,,
93,60.5,L,,,,,,132.5,97.7,L,,,,,,,,,,,,
93,89.9,L,,,,,,132.5,138.7,L,,,,,,,,,,,,
93,96.1,L,,,,,,132.5,222.4,L,,,,,,,,,,,,
93,124,L,,,,,,132.5,293.7,L,,,,,,,,,,,,
93,142.6,L,,,,,,132.5,387.5,M,,,,,,,,,,,,
93,153.5,L,,,,,,133.3,283.7,L,,,,,,,,,,,,
93,167.4,S,,,,,,133.3,350.3,S,,,,,,,,,,,,
93,205.4,L,,,,,,134.1,88.4,L,,,,,,,,,,,,
93,217.8,L,,,,,,134.1,114.7,L,,,,,,,,,,,,
93.8,35.7,L,,,,,,134.1,169.7,M,,,,,,,,,,,,
93.8,73.6,L,,,,,,134.1,176.7,M,,,,,,,,,,,,
93.8,148,L,,,,,,134.1,186,L,,,,,,,,,,,,
93.8,159.7,L,,,,,,134.1,248.8,L,,,,,,,,,,,,
93.8,180.6,L,,,,,,134.1,264.3,L,,,,,,,,,,,,
93.8,191.4,L,,,,,,134.1,311.6,M,,,,,,,,,,,,
94.6,41.9,L,,,,,,134.9,52.7,L,,,,,,,,,,,,
94.6,47.3,L,,,,,,134.9,198.4,M,,,,,,,,,,,,
94.6,84.5,L,,,,,,135.6,21.7,L,,,,,,,,,,,,
94.6,100.8,M,,,,,,135.6,79.1,M,,,,,,,,,,,,
94.6,231,L,,,,,,135.6,106.2,M,,,,,,,,,,,,
95.3,17.8,L,,,,,,135.6,154.2,L,,,,,,,,,,,,
95.3,119.4,L,,,,,,135.6,162,S,,,,,,,,,,,,
95.3,211.6,L,,,,,,135.6,203.8,L,,,,,,,,,,,,
95.7,11.6,M,,,,,,135.6,299.9,L,,,,,,,,,,,,
96.1,27.1,L,,,,,,136.4,382.1,L,,,,,,,,,,,,
96.1,52.7,L,,,,,,137.2,35.7,L,,,,,,,,,,,,
96.1,127.1,L,,,,,,137.2,217.8,L,,,,,,,,,,,,
96.1,173.6,L,,,,,,137.2,273.6,L,,,,,,,,,,,,
96.1,222.4,L,,,,,,137.2,337.1,L,,,,,,,,,,,,
96.9,6.2,M,,,,,,137.2,356.5,L,,,,,,,,,,,,
96.9,58.1,M,,,,,,137.2,366.6,L,,,,,,,,,,,,
96.9,63.6,M,,,,,,138,12.4,L,,,,,,,,,,,,
96.9,68.2,M,,,,,,138,62,L,,,,,,,,,,,,
96.9,92.2,L,,,,,,138,69.8,S,,,,,,,,,,,,
96.9,105.4,M,,,,,,138,129.4,L,,,,,,,,,,,,
96.9,132.5,L,,,,,,138,144.9,L,,,,,,,,,,,,
96.9,195.3,L,,,,,,138.7,286.8,S,,,,,,,,,,,,
96.9,237.9,M,,,,,,138.7,327.8,L,,,,,,,,,,,,
97.7,78.3,M,,,,,,138.7,374.4,L,,,,,,,,,,,,
97.7,139.5,S,,,,,,139.5,4.7,M,,,,,,,,,,,,
97.7,158.1,L,,,,,,139.5,30.2,M,,,,,,,,,,,,
97.7,163.5,L,,,,,,139.5,45.7,L,,,,,,,,,,,,
97.7,185.2,S,,,,,,139.5,93,L,,,,,,,,,,,,
97.7,201.5,S,,,,,,139.5,120.9,L,,,,,,,,,,,,
97.7,216.2,L,,,,,,139.5,224.8,M,,,,,,,,,,,,
98.4,20.9,M,,,,,,139.5,318.5,M,,,,,,,,,,,,
98.4,31.8,L,,,,,,139.5,347.2,L,,,,,,,,,,,,
98.4,38,L,,,,,,140.3,100.8,L,,,,,,,,,,,,
98.4,87.6,M,,,,,,140.3,137.2,S,,,,,,,,,,,,
98.4,113.2,S,,,,,,140.3,186,L,,,,,,,,,,,,
98.4,144.2,L,,,,,,140.3,210,L,,,,,,,,,,,,
98.4,177.5,L,,,,,,140.3,242.6,L,,,,,,,,,,,,
98.4,227.1,L,,,,,,140.3,257.3,M,,,,,,,,,,,,
98.8,148.3,M,,,,,,140.3,308.5,L,,,,,,,,,,,,
99.2,42.6,S,,,,,,141.1,55,M,,,,,,,,,,,,
99.2,48.1,L,,,,,,141.1,79.1,L,,,,,,,,,,,,
99.2,72.9,L,,,,,,141.1,113.2,L,,,,,,,,,,,,
99.2,82.2,L,,,,,,141.1,237.2,L,,,,,,,,,,,,
99.2,109.3,L,,,,,,141.1,265.8,M,,,,,,,,,,,,
99.2,153.5,S,,,,,,141.8,175.9,M,,,,,,,,,,,,
99.2,169,L,,,,,,142,39.4,L,,,,,,,,,,,,
99.2,206.9,M,,,,,,142.6,149.6,L,,,,,,,,,,,,
99.2,245.7,L,,,,,,142.6,158.1,L,,,,,,,,,,,,
100,15.5,L,,,,,,142.6,168.2,M,,,,,,,,,,,,
100,27.9,M,,,,,,143.4,17.8,S,,,,,,,,,,,,
100,117.8,M,,,,,,143.4,193,L,,,,,,,,,,,,
100,123.2,L,,,,,,143.4,276.7,M,,,,,,,,,,,,
100,190.7,L,,,,,,143.4,296.1,L,,,,,,,,,,,,
100,231.7,S,,,,,,144.2,86.8,M,,,,,,,,,,,,
100.8,8.5,L,,,,,,144.2,220.9,M,,,,,,,,,,,,
100.8,53.5,L,,,,,,144.9,31.8,L,,,,,,,,,,,,
100.8,60.5,L,,,,,,144.9,106.2,L,,,,,,,,,,,,
100.8,96.1,L,,,,,,144.9,129.4,M,,,,,,,,,,,,
100.8,129.4,M,,,,,,144.9,200.7,L,,,,,,,,,,,,
100.8,212.4,L,,,,,,144.9,320.1,S,,,,,,,,,,,,
101.5,3.9,L,,,,,,144.9,335.6,M,,,,,,,,,,,,
101.5,65.1,L,,,,,,144.9,352.7,M,,,,,,,,,,,,
101.5,91.5,L,,,,,,144.9,365.8,L,,,,,,,,,,,,
101.5,134.1,M,,,,,,144.9,375.1,L,,,,,,,,,,,,
102.3,72.1,L,,,,,,144.9,385.2,M,,,,,,,,,,,,
102.3,76.7,L,,,,,,145.7,4.7,L,,,,,,,,,,,,
102.3,172.8,L,,,,,,145.7,24.8,L,,,,,,,,,,,,
102.3,183.7,M,,,,,,145.7,64.3,L,,,,,,,,,,,,
102.3,195.3,L,,,,,,145.7,95.3,L,,,,,,,,,,,,
102.3,220.9,L,,,,,,146.5,73.6,M,,,,,,,,,,,,
103.1,20.9,M,,,,,,146.5,119.4,L,,,,,,,,,,,,
103.1,30.2,M,,,,,,146.5,248.8,L,,,,,,,,,,,,
103.1,34.9,M,,,,,,146.5,341.8,L,,,,,,,,,,,,
103.1,39.5,L,,,,,,147.3,11.6,L,,,,,,,,,,,,
103.1,86,L,,,,,,147.3,47.3,M,,,,,,,,,,,,
103.1,100,L,,,,,,147.3,57.4,M,,,,,,,,,,,,
103.1,163.5,L,,,,,,147.3,211.6,L,,,,,,,,,,,,
103.1,201.5,L,,,,,,147.3,270.5,L,,,,,,,,,,,,
103.1,237.9,L,,,,,,147.3,286.8,M,,,,,,,,,,,,
103.9,13.2,M,,,,,,147.3,301.5,M,,,,,,,,,,,,
103.9,45,L,,,,,,147.3,310.8,L,,,,,,,,,,,,
103.9,106.2,M,,,,,,148,180.6,M,,,,,,,,,,,,
103.9,111.6,L,,,,,,148,258.9,L,,,,,,,,,,,,
103.9,138.7,M,,,,,,148.8,231,L,,,,,,,,,,,,
103.9,146.5,L,,,,,,149.6,134.9,M,,,,,,,,,,,,
103.9,152.7,L,,,,,,149.6,155,M,,,,,,,,,,,,
103.9,158.1,M,,,,,,149.6,162,M,,,,,,,,,,,,
103.9,179,L,,,,,,149.6,171.3,L,,,,,,,,,,,,
103.9,206.9,L,,,,,,149.6,239.5,L,,,,,,,,,,,,
103.9,215.5,S,,,,,,149.6,326.3,L,,,,,,,,,,,,
103.9,226.3,M,,,,,,150.4,35.7,S,,,,,,,,,,,,
104.6,49.6,L,,,,,,150.4,145.7,L,,,,,,,,,,,,
104.6,94.6,L,,,,,,150.4,294.5,L,,,,,,,,,,,,
104.6,120.9,L,,,,,,151.1,79.8,L,,,,,,,,,,,,
104.6,188.3,M,,,,,,151.1,113.9,L,,,,,,,,,,,,
105.4,26.4,M,,,,,,151.1,123.2,S,,,,,,,,,,,,
105.4,55,L,,,,,,151.1,280.6,L,,,,,,,,,,,,
105.4,124.8,M,,,,,,151.1,354.2,M,,,,,,,,,,,,
105.4,130.2,M,,,,,,151.9,16.3,M,,,,,,,,,,,,
106.2,66.7,L,,,,,,151.9,27.1,L,,,,,,,,,,,,
106.2,74.4,M,,,,,,151.9,188.3,L,,,,,,,,,,,,
106.2,79.8,M,,,,,,151.9,195.3,L,,,,,,,,,,,,
106.2,89.1,L,,,,,,151.9,223.2,L,,,,,,,,,,,,
106.2,232.5,L,,,,,,152.7,52.7,M,,,,,,,,,,,,
107,17.1,L,,,,,,152.7,64.3,L,,,,,,,,,,,,
107,36.4,M,,,,,,152.7,96.1,M,,,,,,,,,,,,
107,99.2,S,,,,,,152.7,315.4,M,,,,,,,,,,,,
107,135.6,L,,,,,,152.7,336.4,M,,,,,,,,,,,,
107,165.9,M,,,,,,152.7,373.6,L,,,,,,,,,,,,
107,211.6,M,,,,,,152.7,382.1,L,,,,,,,,,,,,
107.7,21.7,M,,,,,,153.5,103.1,M,,,,,,,,,,,,
107.7,41.9,L,,,,,,153.5,204.6,L,,,,,,,,,,,,
107.7,60.5,S,,,,,,153.5,270.5,S,,,,,,,,,,,,
107.7,115.5,M,,,,,,154.2,44.2,L,,,,,,,,,,,,
107.7,195.3,L,,,,,,154.2,257.3,M,,,,,,,,,,,,
107.7,220.9,L,,,,,,154.2,345.7,L,,,,,,,,,,,,
107.7,240.3,L,,,,,,154.2,363.5,M,,,,,,,,,,,,
108.5,3.1,S,,,,,,154.2,389.9,L,,,,,,,,,,,,
108.5,30.2,S,,,,,,155,70.5,L,,,,,,,,,,,,
108.5,45,L,,,,,,155,211.6,L,,,,,,,,,,,,
108.5,110.1,M,,,,,,155,232.5,L,,,,,,,,,,,,
108.5,141.8,L,,,,,,155.8,7,M,,,,,,,,,,,,
108.5,183.7,S,,,,,,155.8,89.9,M,,,,,,,,,,,,
108.5,203.1,M,,,,,,155.8,137.2,L,,,,,,,,,,,,
108.5,236.4,M,,,,,,155.8,168.2,L,,,,,,,,,,,,
109.3,12.4,L,,,,,,155.8,176.7,L,,,,,,,,,,,,
109.3,52.7,L,,,,,,155.8,248,L,,,,,,,,,,,,
109.3,70.5,S,,,,,,155.8,299.2,L,,,,,,,,,,,,
109.3,82.9,M,,,,,,156.6,35.7,M,,,,,,,,,,,,
109.3,93.8,L,,,,,,156.6,80.6,L,,,,,,,,,,,,
109.3,121.7,L,,,,,,156.6,148.8,M,,,,,,,,,,,,
109.3,147.3,L,,,,,,156.6,286.8,M,,,,,,,,,,,,
109.3,152.7,M,,,,,,157.3,20.9,L,,,,,,,,,,,,
109.3,159.7,M,,,,,,157.3,127.9,M,,,,,,,,,,,,
109.3,178.3,L,,,,,,157.3,157.3,S,,,,,,,,,,,,
109.3,189.9,L,,,,,,158.1,13.2,L,,,,,,,,,,,,
110.1,7,L,,,,,,158.1,119.4,L,,,,,,,,,,,,
110.1,103.9,L,,,,,,158.1,241,L,,,,,,,,,,,,
110.1,128.7,L,,,,,,158.9,110.1,L,,,,,,,,,,,,
110.1,227.9,L,,,,,,158.9,143.4,L,,,,,,,,,,,,
110.8,38,L,,,,,,158.9,198.4,L,,,,,,,,,,,,
110.8,64.3,L,,,,,,158.9,217.8,M,,,,,,,,,,,,
110.8,76.7,L,,,,,,158.9,265.1,L,,,,,,,,,,,,
110.8,207.7,M,,,,,,158.9,276.7,L,,,,,,,,,,,,
110.8,217,L,,,,,,158.9,306.9,M,,,,,,,,,,,,
111.6,16.3,L,,,,,,158.9,327.8,S,,,,,,,,,,,,
111.6,26.4,L,,,,,,158.9,379,M,,,,,,,,,,,,
111.6,87.6,M,,,,,,159.7,51.9,L,,,,,,,,,,,,
111.6,198.4,L,,,,,,159.7,225.5,L,,,,,,,,,,,,
111.6,241,L,,,,,,159.7,352.7,L,,,,,,,,,,,,
111.6,246.5,L,,,,,,159.7,369.7,M,,,,,,,,,,,,
112.4,20.9,L,,,,,,160.4,43.4,L,,,,,,,,,,,,
112.4,57.4,L,,,,,,160.4,101.5,L,,,,,,,,,,,,
112.4,112.4,M,,,,,,160.4,182.1,M,,,,,,,,,,,,
112.4,117,L,,,,,,160.4,188.3,M,,,,,,,,,,,,
112.4,132.5,M,,,,,,160.4,340.2,L,,,,,,,,,,,,
112.4,232.5,L,,,,,,161.2,255,S,,,,,,,,,,,,
113.2,2.3,L,,,,,,162,28.7,M,,,,,,,,,,,,
113.2,31.8,L,,,,,,162,68.2,L,,,,,,,,,,,,
113.2,42.6,M,,,,,,162,205.4,S,,,,,,,,,,,,
113.2,48.1,L,,,,,,162.8,93,L,,,,,,,,,,,,
113.2,138,M,,,,,,162.8,137.2,L,,,,,,,,,,,,
113.2,164.3,L,,,,,,162.8,172.1,L,,,,,,,,,,,,
113.2,185.2,L,,,,,,162.8,290.6,M,,,,,,,,,,,,
113.2,213.1,L,,,,,,162.8,315.4,L,,,,,,,,,,,,
113.2,222.4,L,,,,,,162.8,358.9,L,,,,,,,,,,,,
113.9,9.3,L,,,,,,163.5,5.4,S,,,,,,,,,,,,
113.9,53.5,L,,,,,,163.5,35.7,S,,,,,,,,,,,,
113.9,72.1,M,,,,,,163.5,76,M,,,,,,,,,,,,
113.9,82.9,L,,,,,,163.5,118.6,M,,,,,,,,,,,,
113.9,90.7,M,,,,,,163.5,242.6,M,,,,,,,,,,,,
113.9,96.1,L,,,,,,163.5,300.7,L,,,,,,,,,,,,
113.9,107,M,,,,,,164.3,153.5,L,,,,,,,,,,,,
113.9,121.7,M,,,,,,164.3,162.8,L,,,,,,,,,,,,
113.9,143.4,L,,,,,,164.3,387.5,M,,,,,,,,,,,,
113.9,149.6,L,,,,,,164.9,323.4,L,,,,,,,,,,,,
113.9,193,M,,,,,,165.1,20.9,L,,,,,,,,,,,,
114.7,67.4,L,,,,,,165.1,85.3,L,,,,,,,,,,,,
114.7,155.8,L,,,,,,165.1,106.2,L,,,,,,,,,,,,
114.7,172.1,L,,,,,,165.1,195.3,M,,,,,,,,,,,,
114.7,175.9,NC,,,,,,165.1,213.1,L,,,,,,,,,,,,
114.7,203.1,L,,,,,,165.1,272.8,L,,,,,,,,,,,,
115.5,12.4,L,,,,,,165.1,348,M,,,,,,,,,,,,
115.5,36.4,M,,,,,,165.9,331.7,L,,,,,,,,,,,,
115.5,62,L,,,,,,166.6,10.1,L,,,,,,,,,,,,
115.5,102.3,L,,,,,,166.6,50.4,L,,,,,,,,,,,,
115.5,238.7,M,,,,,,166.6,58.9,L,,,,,,,,,,,,
115.5,243.4,L,,,,,,166.6,126.3,L,,,,,,,,,,,,
116.3,26.4,M,,,,,,166.6,143.4,L,,,,,,,,,,,,
116.3,76.7,L,,,,,,166.6,224,M,,,,,,,,,,,,
116.3,128.7,S,,,,,,166.6,248.8,M,,,,,,,,,,,,
116.3,162,S,,,,,,166.6,280.6,L,,,,,,,,,,,,
116.3,180.6,M,,,,,,166.6,375.1,L,,,,,,,,,,,,
116.3,217,L,,,,,,167.4,179,S,,,,,,,,,,,,
116.3,227.1,L,,,,,,167.4,263.5,L,,,,,,,,,,,,
117,17.8,L,,,,,,167.4,366.6,L,,,,,,,,,,,,
117,40.3,L,,,,,,168.2,186,L,,,,,,,,,,,,
117,134.1,L,,,,,,168.2,235.6,M,,,,,,,,,,,,
117.8,7.8,M,,,,,,169,41.9,L,,,,,,,,,,,,
117.8,45.7,L,,,,,,169,99.2,S,,,,,,,,,,,,
117.8,85.3,L,,,,,,169,111.6,L,,,,,,,,,,,,
117.8,119.4,M,,,,,,169,133.3,L,,,,,,,,,,,,
117.8,139.5,L,,,,,,169,169,M,,,,,,,,,,,,
117.8,196.1,L,,,,,,169,205.4,L,,,,,,,,,,,,
118.6,31,L,,,,,,169,313.1,L,,,,,,,,,,,,
118.6,56.6,L,,,,,,169,322.4,L,,,,,,,,,,,,
118.6,70.5,L,,,,,,169.7,64.3,S,,,,,,,,,,,,
118.6,93,M,,,,,,169.7,76,L,,,,,,,,,,,,
118.6,107.7,L,,,,,,169.7,342.6,L,,,,,,,,,,,,
118.6,113.2,S,,,,,,170.5,4.7,L,,,,,,,,,,,,
118.6,145.7,L,,,,,,170.5,22.5,M,,,,,,,,,,,,
118.6,189.1,M,,,,,,170.5,28.7,M,,,,,,,,,,,,
118.6,206.2,M,,,,,,170.5,155,M,,,,,,,,,,,,
118.6,212.4,L,,,,,,170.5,303.8,L,,,,,,,,,,,,
119.4,22.5,L,,,,,,171.3,86,L,,,,,,,,,,,,
119.4,49.6,S,,,,,,171.3,356.5,L,,,,,,,,,,,,
119.4,65.1,L,,,,,,171.3,382.1,L,,,,,,,,,,,,
119.4,80.6,M,,,,,,172.1,119.4,L,,,,,,,,,,,,
119.4,157.3,L,,,,,,172.1,278.2,L,,,,,,,,,,,,
119.4,168.2,M,,,,,,172.8,145.7,L,,,,,,,,,,,,
119.4,232.5,M,,,,,,172.8,211.6,L,,,,,,,,,,,,
120.1,12.4,M,,,,,,172.8,229.4,M,,,,,,,,,,,,
120.1,35.7,L,,,,,,172.8,244.1,L,,,,,,,,,,,,
120.1,98.4,L,,,,,,172.8,256.5,M,,,,,,,,,,,,
120.1,124.8,M,,,,,,173.6,13.2,M,,,,,,,,,,,,
120.1,151.1,M,,,,,,173.6,96.1,L,,,,,,,,,,,,
120.1,173.6,L,,,,,,173.6,268.9,L,,,,,,,,,,,,
120.1,184.5,L,,,,,,173.6,330.9,L,,,,,,,,,,,,
120.1,237.2,L,,,,,,174.4,35.7,M,,,,,,,,,,,,
120.9,75.2,L,,,,,,174.4,48.8,L,,,,,,,,,,,,
120.9,103.1,M,,,,,,174.4,58.1,M,,,,,,,,,,,,
120.9,130.2,L,,,,,,174.4,103.9,M,,,,,,,,,,,,
120.9,136.4,M,,,,,,174.4,190.7,L,,,,,,,,,,,,
120.9,162.8,L,,,,,,174.4,201.5,L,,,,,,,,,,,,
120.9,200.7,L,,,,,,174.4,373.6,S,,,,,,,,,,,,
120.9,221.7,M,,,,,,175.2,69.8,L,,,,,,,,,,,,
121.7,17.8,L,,,,,,175.2,127.9,M,,,,,,,,,,,,
121.7,60.5,M,,,,,,175.2,180.6,M,,,,,,,,,,,,
121.7,217,M,,,,,,175.2,220.9,L,,,,,,,,,,,,
121.7,227.9,L,,,,,,175.2,287.5,M,,,,,,,,,,,,
122.5,3.1,L,,,,,,175.2,311.6,L,,,,,,,,,,,,
122.5,41.1,L,,,,,,175.5,114.4,M,,,,,,,,,,,,
122.5,45.7,L,,,,,,175.9,138,M,,,,,,,,,,,,
122.5,83.7,M,,,,,,175.9,162,L,,,,,,,,,,,,
122.5,87.6,M,,,,,,175.9,172.8,L,,,,,,,,,,,,
122.5,194.5,M,,,,,,175.9,235.6,M,,,,,,,,,,,,
123.2,7.8,L,,,,,,175.9,298.4,L,,,,,,,,,,,,
123.2,31,L,,,,,,175.9,323.2,L,,,,,,,,,,,,
123.2,50.4,L,,,,,,176.7,262.7,M,,,,,,,,,,,,
123.2,69,L,,,,,,176.7,349.6,M,,,,,,,,,,,,
123.2,113.2,L,,,,,,176.7,364.3,L,,,,,,,,,,,,
123.2,142.6,L,,,,,,176.7,387.5,L,,,,,,,,,,,,
123.2,154.2,M,,,,,,177.5,26.4,L,,,,,,,,,,,,
123.2,177.5,L,,,,,,177.5,86,L,,,,,,,,,,,,
123.2,210.8,L,,,,,,178.3,79.8,L,,,,,,,,,,,,
123.2,241.8,L,,,,,,178.3,123.2,M,,,,,,,,,,,,
124,55.8,M,,,,,,178.3,151.9,L,,,,,,,,,,,,
124,92.2,M,,,,,,178.3,339.5,L,,,,,,,,,,,,
124,117.8,L,,,,,,179,17.1,L,,,,,,,,,,,,
124,189.9,M,,,,,,179,43.4,L,,,,,,,,,,,,
124,205.4,L,,,,,,179,246.5,L,,,,,,,,,,,,
124.8,12.4,L,,,,,,179.8,35.7,L,,,,,,,,,,,,
124.8,22.5,L,,,,,,179.8,303.8,L,,,,,,,,,,,,
124.8,34.9,L,,,,,,180.6,51.2,S,,,,,,,,,,,,
124.8,64.3,M,,,,,,180.6,132.5,L,,,,,,,,,,,,
124.8,79.1,L,,,,,,180.6,274.4,M,,,,,,,,,,,,
124.8,98.4,L,,,,,,180.6,356.5,L,,,,,,,,,,,,
124.8,107.7,L,,,,,,180.6,376.7,L,,,,,,,,,,,,
124.8,148,L,,,,,,181.4,62,L,,,,,,,,,,,,
124.8,172.1,L,,,,,,181.4,71.3,M,,,,,,,,,,,,
124.8,231.7,M,,,,,,181.4,103.9,L,,,,,,,,,,,,
125.6,123.2,L,,,,,,181.4,197.6,L,,,,,,,,,,,,
125.6,129.4,L,,,,,,181.4,207.7,L,,,,,,,,,,,,
125.6,162,M,,,,,,181.4,282.9,M,,,,,,,,,,,,
125.6,184.5,L,,,,,,181.4,330.2,M,,,,,,,,,,,,
125.6,200,L,,,,,,182.1,94.6,M,,,,,,,,,,,,
125.6,237.2,L,,,,,,182.1,114.7,L,,,,,,,,,,,,
126.3,27.1,L,,,,,,182.1,173.6,L,,,,,,,,,,,,
126.3,58.9,L,,,,,,182.1,222.4,M,,,,,,,,,,,,
126.3,72.9,L,,,,,,182.1,255.8,M,,,,,,,,,,,,
126.3,133.3,M,,,,,,182.1,289.9,L,,,,,,,,,,,,
127.1,18.6,M,,,,,,182.1,315.4,L,,,,,,,,,,,,
127.1,47.3,L,,,,,,182.9,158.1,L,,,,,,,,,,,,
127.1,140.3,L,,,,,,182.9,165.9,S,,,,,,,,,,,,
127.9,3.9,L,,,,,,183.7,11.6,L,,,,,,,,,,,,
127.9,9.3,L,,,,,,183.7,229.4,L,,,,,,,,,,,,
127.9,30.2,L,,,,,,184.5,145.7,L,,,,,,,,,,,,
127.9,41.9,L,,,,,,184.5,239.5,L,,,,,,,,,,,,
127.9,87.6,M,,,,,,184.5,260.4,M,,,,,,,,,,,,
127.9,102.3,M,,,,,,184.5,343.4,S,,,,,,,,,,,,
127.9,113.2,L,,,,,,185.2,28.7,M,,,,,,,,,,,,
127.9,210.8,L,,,,,,185.2,79.1,M,,,,,,,,,,,,
127.9,227.9,L,,,,,,185.2,186,M,,,,,,,,,,,,
128.7,21.7,L,,,,,,185.2,298.4,L,,,,,,,,,,,,
128.7,51.9,L,,,,,,185.2,364.3,M,,,,,,,,,,,,
128.7,81.4,M,,,,,,185.2,383.7,L,,,,,,,,,,,,
128.7,93,M,,,,,,185.7,152.4,NC,,,,,,,,,,,,
128.7,166.6,L,,,,,,186,20.2,L,,,,,,,,,,,,
128.7,195.3,L,,,,,,186,36.4,L,,,,,,,,,,,,
128.7,203.8,L,,,,,,186,324,L,,,,,,,,,,,,
128.7,221.7,M,,,,,,186.8,124.8,S,,,,,,,,,,,,
128.7,246.5,M,,,,,,186.8,134.9,L,,,,,,,,,,,,
129.4,68.2,L,,,,,,187.6,46.5,L,,,,,,,,,,,,
129.4,145.7,M,,,,,,187.6,55.8,L,,,,,,,,,,,,
129.4,151.1,S,,,,,,187.6,65.1,S,,,,,,,,,,,,
129.4,188.3,L,,,,,,187.6,89.1,L,,,,,,,,,,,,
129.4,216.2,L,,,,,,187.6,103.1,L,,,,,,,,,,,,
130.2,13.2,L,,,,,,187.6,114.7,L,,,,,,,,,,,,
130.2,75.2,L,,,,,,187.6,246.5,L,,,,,,,,,,,,
130.2,97.7,L,,,,,,187.6,336.4,L,,,,,,,,,,,,
130.2,136.4,M,,,,,,187.6,354.2,L,,,,,,,,,,,,
130.2,155.8,M,,,,,,187.6,373.6,L,,,,,,,,,,,,
130.2,175.2,L,,,,,,188.1,274.8,M,,,,,,,,,,,,
131,17.8,L,,,,,,188.3,213.1,L,,,,,,,,,,,,
131,56.6,L,,,,,,189.1,71.3,L,,,,,,,,,,,,
131,62.8,L,,,,,,189.1,167.4,L,,,,,,,,,,,,
131,106.2,M,,,,,,189.1,175.2,L,,,,,,,,,,,,
131,117,L,,,,,,189.1,193.8,M,,,,,,,,,,,,
131,124,S,,,,,,189.1,202.3,L,,,,,,,,,,,,
131,129.4,L,,,,,,189.1,286.8,M,,,,,,,,,,,,
131,237.9,L,,,,,,189.1,316.2,M,,,,,,,,,,,,
131.8,27.1,L,,,,,,189.9,6.2,L,,,,,,,,,,,,
131.8,32.6,L,,,,,,189.9,96.9,L,,,,,,,,,,,,
131.8,37.2,L,,,,,,189.9,389.9,L,,,,,,,,,,,,
131.8,45,L,,,,,,190.7,15.5,L,,,,,,,,,,,,
131.8,162.8,L,,,,,,191.4,25.6,L,,,,,,,,,,,,
131.8,170.5,L,,,,,,191.4,81.4,L,,,,,,,,,,,,
131.8,198.4,M,,,,,,191.4,221.7,M,,,,,,,,,,,,
132.5,89.9,L,,,,,,191.4,257.3,L,,,,,,,,,,,,
132.5,180.6,L,,,,,,191.4,327.1,L,,,,,,,,,,,,
132.5,208.5,M,,,,,,192.2,40.3,L,,,,,,,,,,,,
132.5,243.4,M,,,,,,192.2,142.6,L,,,,,,,,,,,,
133.3,10.1,L,,,,,,192.2,156.6,M,,,,,,,,,,,,
133.3,51.2,L,,,,,,192.2,238.7,L,,,,,,,,,,,,
133.3,66.7,L,,,,,,192.2,343.4,M,,,,,,,,,,,,
133.3,71.3,L,,,,,,192.2,362,L,,,,,,,,,,,,
133.3,85.3,M,,,,,,193,31.8,M,,,,,,,,,,,,
133.3,102.3,L,,,,,,193,58.5,L,,,,,,,,,,,,
133.3,111.6,L,,,,,,193,123.2,L,,,,,,,,,,,,
133.3,225.5,L,,,,,,193,149.6,S,,,,,,,,,,,,
133.3,231.7,L,,,,,,193,231,S,,,,,,,,,,,,
134.1,23.3,L,,,,,,193.8,183.7,L,,,,,,,,,,,,
134.1,78.3,M,,,,,,193.8,296.8,L,,,,,,,,,,,,
134.1,96.9,S,,,,,,194.5,132.5,L,,,,,,,,,,,,
134.1,142.6,L,,,,,,194.5,207.7,L,,,,,,,,,,,,
134.1,218.6,L,,,,,,194.5,280.6,M,,,,,,,,,,,,
134.9,4.7,L,,,,,,194.5,305.4,L,,,,,,,,,,,,
134.9,41.1,L,,,,,,194.5,379.8,L,,,,,,,,,,,,
134.9,132.5,L,,,,,,195.3,105.4,M,,,,,,,,,,,,
134.9,186,L,,,,,,195.3,201.5,M,,,,,,,,,,,,
134.9,203.1,L,,,,,,195.3,318.5,L,,,,,,,,,,,,
135.6,14,L,,,,,,196.1,3.9,L,,,,,,,,,,,,
135.6,55.8,L,,,,,,196.1,48.1,L,,,,,,,,,,,,
135.6,61.2,M,,,,,,196.1,69.8,M,,,,,,,,,,,,
135.6,107.7,L,,,,,,196.1,165.9,L,,,,,,,,,,,,
135.6,116.3,L,,,,,,196.1,244.9,M,,,,,,,,,,,,
135.6,127.9,M,,,,,,196.1,271.3,L,,,,,,,,,,,,
135.6,152.7,M,,,,,,196.1,334.8,M,,,,,,,,,,,,
135.6,158.9,L,,,,,,196.1,355.8,M,,,,,,,,,,,,
136.4,18.6,L,,,,,,196.9,20.2,S,,,,,,,,,,,,
136.4,30.2,M,,,,,,196.9,113.9,M,,,,,,,,,,,,
136.4,37.2,L,,,,,,196.9,177.5,L,,,,,,,,,,,,
136.4,121.7,L,,,,,,196.9,370.5,L,,,,,,,,,,,,
136.4,138,L,,,,,,197.6,80.6,L,,,,,,,,,,,,
136.4,147.3,L,,,,,,198.4,10.9,M,,,,,,,,,,,,
136.4,166.6,M,,,,,,198.4,40.3,L,,,,,,,,,,,,
136.4,211.6,M,,,,,,198.4,63.6,L,,,,,,,,,,,,
137.2,45.7,L,,,,,,198.4,94.6,L,,,,,,,,,,,,
137.2,72.9,L,,,,,,198.4,189.9,S,,,,,,,,,,,,
137.2,81.4,L,,,,,,198.4,216.2,L,,,,,,,,,,,,
137.2,176.7,L,,,,,,198.4,258.9,L,,,,,,,,,,,,
137.2,196.1,M,,,,,,199.2,154.2,L,,,,,,,,,,,,
137.2,240.3,L,,,,,,199.2,387.5,L,,,,,,,,,,,,
137.4,86.8,L,,,,,,200,55.8,S,,,,,,,,,,,,
138,91.5,L,,,,,,200,123.2,L,,,,,,,,,,,,
138,172.1,L,,,,,,200,142.6,L,,,,,,,,,,,,
138,231,M,,,,,,200,224.8,L,,,,,,,,,,,,
138.7,111.6,M,,,,,,200.7,30.2,L,,,,,,,,,,,,
138.7,245.7,L,,,,,,200.7,236.4,L,,,,,,,,,,,,
139.5,10.1,L,,,,,,200.7,289.9,L,,,,,,,,,,,,
139.5,26.4,M,,,,,,200.7,347.2,L,,,,,,,,,,,,
139.5,34.1,M,,,,,,201.5,131.8,L,,,,,,,,,,,,
139.5,51.9,M,,,,,,201.5,197.6,L,,,,,,,,,,,,
139.5,63.6,L,,,,,,201.5,312.3,L,,,,,,,,,,,,
139.5,77.5,L,,,,,,202.3,45.7,M,,,,,,,,,,,,
139.5,98.4,L,,,,,,202.3,106.2,M,,,,,,,,,,,,
139.5,103.1,M,,,,,,202.3,248,L,,,,,,,,,,,,
139.5,142.6,M,,,,,,202.3,278.2,M,,,,,,,,,,,,
139.5,191.4,L,,,,,,202.3,296.1,L,,,,,,,,,,,,
139.5,206.2,L,,,,,,203.1,20.2,M,,,,,,,,,,,,
139.5,217,L,,,,,,203.1,162,M,,,,,,,,,,,,
139.5,223.2,S,,,,,,203.1,265.8,M,,,,,,,,,,,,
140.3,3.1,L,,,,,,203.1,377.5,L,,,,,,,,,,,,
140.3,16.3,L,,,,,,203.8,3.9,L,,,,,,,,,,,,
140.3,20.9,M,,,,,,203.8,69,M,,,,,,,,,,,,
140.3,41.1,L,,,,,,203.8,207.7,L,,,,,,,,,,,,
140.3,58.1,L,,,,,,203.8,330.9,L,,,,,,,,,,,,
140.3,131,L,,,,,,203.8,340.2,M,,,,,,,,,,,,
140.3,148.8,L,,,,,,203.8,356.5,L,,,,,,,,,,,,
140.3,154.2,L,,,,,,204.6,77.5,L,,,,,,,,,,,,
140.3,160.4,L,,,,,,204.6,180.6,L,,,,,,,,,,,,
140.3,182.1,L,,,,,,204.6,189.1,L,,,,,,,,,,,,
140.3,236.4,L,,,,,,204.6,365.1,L,,,,,,,,,,,,
141.1,119.4,L,,,,,,205.4,35.7,M,,,,,,,,,,,,
141.1,124.8,M,,,,,,205.4,99.2,L,,,,,,,,,,,,
141.1,187.6,L,,,,,,205.4,149.6,M,,,,,,,,,,,,
141.1,200.7,L,,,,,,205.4,389.9,L,,,,,,,,,,,,
141.8,66.7,M,,,,,,206.2,83.7,L,,,,,,,,,,,,
141.8,72.9,L,,,,,,206.2,91.5,M,,,,,,,,,,,,
141.8,83.7,S,,,,,,206.2,114.7,M,,,,,,,,,,,,
141.8,93.8,L,,,,,,206.2,122.5,M,,,,,,,,,,,,
141.8,107.7,S,,,,,,206.2,140.3,L,,,,,,,,,,,,
141.8,211.6,M,,,,,,206.2,255.8,L,,,,,,,,,,,,
142.6,136.4,M,,,,,,206.2,303,L,,,,,,,,,,,,
142.6,165.9,L,,,,,,206.2,319.3,M,,,,,,,,,,,,
142.6,175.9,L,,,,,,206.9,215.5,S,,,,,,,,,,,,
142.6,241.8,L,,,,,,207.7,16.3,L,,,,,,,,,,,,
143.4,7,L,,,,,,207.7,231,L,,,,,,,,,,,,
143.4,45.7,L,,,,,,207.7,274.4,M,,,,,,,,,,,,
143.4,77.5,M,,,,,,207.7,287.5,S,,,,,,,,,,,,
143.4,88.4,L,,,,,,208.5,8.5,M,,,,,,,,,,,,
143.4,192.2,L,,,,,,208.5,44.2,L,,,,,,,,,,,,
143.4,230.2,M,,,,,,208.5,60.5,M,,,,,,,,,,,,
144.2,13.2,L,,,,,,208.5,200,M,,,,,,,,,,,,
144.2,30.2,M,,,,,,208.5,221.7,L,,,,,,,,,,,,
144.2,55,L,,,,,,208.5,375.1,L,,,,,,,,,,,,
144.2,60.5,L,,,,,,209.3,27.1,L,,,,,,,,,,,,
144.2,113.9,L,,,,,,209.3,55,L,,,,,,,,,,,,
144.2,157.3,L,,,,,,209.3,169,M,,,,,,,,,,,,
144.2,170.5,L,,,,,,210,132.5,M,,,,,,,,,,,,
144.2,203.8,L,,,,,,210,160.4,L,,,,,,,,,,,,
144.2,217,L,,,,,,210,249.6,NC,,,,,,,,,,,,
144.9,17.8,M,,,,,,210,261.2,M,,,,,,,,,,,,
144.9,23.3,S,,,,,,210,293,M,,,,,,,,,,,,
144.9,40.3,M,,,,,,210.8,99.2,L,,,,,,,,,,,,
144.9,50.4,L,,,,,,210.8,108.5,L,,,,,,,,,,,,
144.9,99.2,M,,,,,,210.8,150.4,L,,,,,,,,,,,,
144.9,127.1,L,,,,,,210.8,188.3,L,,,,,,,,,,,,
144.9,140.3,S,,,,,,210.8,344.9,L,,,,,,,,,,,,
144.9,145.7,M,,,,,,211,305.8,M,,,,,,,,,,,,
144.9,151.1,L,,,,,,211.6,69,M,,,,,,,,,,,,
144.9,199.2,L,,,,,,211.6,175.9,L,,,,,,,,,,,,
144.9,224.8,L,,,,,,211.6,336.4,L,,,,,,,,,,,,
145.7,70.5,L,,,,,,211.6,382.1,L,,,,,,,,,,,,
145.7,121.7,L,,,,,,212.4,87.6,L,,,,,,,,,,,,
146.5,35.7,L,,,,,,212.4,205.4,L,,,,,,,,,,,,
146.5,93,M,,,,,,212.4,323.2,L,,,,,,,,,,,,
146.5,181.4,S,,,,,,212.4,330.2,M,,,,,,,,,,,,
146.5,235.6,L,,,,,,212.4,355,L,,,,,,,,,,,,
147.3,10.1,L,,,,,,213.1,36.4,M,,,,,,,,,,,,
147.3,45.7,M,,,,,,213.1,79.1,M,,,,,,,,,,,,
147.3,75.2,L,,,,,,213.1,126.3,M,,,,,,,,,,,,
147.3,81.4,L,,,,,,213.1,280.6,M,,,,,,,,,,,,
147.3,104.6,L,,,,,,213.1,310.8,L,,,,,,,,,,,,
147.3,132.5,M,,,,,,213.9,114.7,L,,,,,,,,,,,,
147.3,161.2,L,,,,,,213.9,366.6,L,,,,,,,,,,,,
148,64.3,S,,,,,,214.7,21.7,L,,,,,,,,,,,,
148,166.6,L,,,,,,214.7,62,M,,,,,,,,,,,,
148,188.3,L,,,,,,214.7,143.4,M,,,,,,,,,,,,
148,194.5,L,,,,,,214.7,268.9,L,,,,,,,,,,,,
148,213.1,L,,,,,,215.5,14,S,,,,,,,,,,,,
148,242.6,L,,,,,,215.5,30.2,L,,,,,,,,,,,,
148.8,16.3,L,,,,,,215.5,213.9,L,,,,,,,,,,,,
148.8,30.2,L,,,,,,215.5,231.7,L,,,,,,,,,,,,
148.8,52.7,L,,,,,,215.5,239.5,M,,,,,,,,,,,,
148.8,58.1,L,,,,,,215.5,299.2,M,,,,,,,,,,,,
148.8,114.7,M,,,,,,215.5,374.4,L,,,,,,,,,,,,
148.8,173.6,L,,,,,,216.2,94.6,L,,,,,,,,,,,,
148.8,229.4,M,,,,,,216.2,158.1,L,,,,,,,,,,,,
149.6,5.4,L,,,,,,216.2,223.2,L,,,,,,,,,,,,
149.6,24.8,M,,,,,,216.2,250.3,L,,,,,,,,,,,,
149.6,70.5,L,,,,,,216.2,260.4,M,,,,,,,,,,,,
149.6,86.8,L,,,,,,216.2,317.8,M,,,,,,,,,,,,
149.6,143.4,L,,,,,,217,5.4,L,,,,,,,,,,,,
149.6,202.3,L,,,,,,217,73.6,L,,,,,,,,,,,,
149.6,207.7,M,,,,,,217,167.4,L,,,,,,,,,,,,
150,149.1,M,,,,,,217.1,167.1,L,,,,,,,,,,,,
150.4,39.5,M,,,,,,217.8,107,M,,,,,,,,,,,,
150.4,94.6,M,,,,,,217.8,191.4,L,,,,,,,,,,,,
150.4,122.5,L,,,,,,217.8,202.3,M,,,,,,,,,,,,
150.4,127.9,L,,,,,,217.8,386,M,,,,,,,,,,,,
150.4,136.4,M,,,,,,218.7,44.7,L,,,,,,,,,,,,
150.4,155.8,L,,,,,,219.3,80.6,L,,,,,,,,,,,,
150.4,217.8,L,,,,,,219.3,149.6,L,,,,,,,,,,,,
150.4,223.2,L,,,,,,219.3,173.6,L,,,,,,,,,,,,
151.1,19.4,L,,,,,,219.3,183.7,S,,,,,,,,,,,,
151.1,80.6,M,,,,,,219.3,339.5,L,,,,,,,,,,,,
151.1,99.2,L,,,,,,220.1,55.8,M,,,,,,,,,,,,
151.1,110.1,L,,,,,,220.1,88.4,M,,,,,,,,,,,,
151.1,184.5,L,,,,,,220.1,349.6,L,,,,,,,,,,,,
151.1,237.2,L,,,,,,220.9,27.1,L,,,,,,,,,,,,
151.9,11.6,L,,,,,,220.9,64.3,S,,,,,,,,,,,,
151.9,34.1,L,,,,,,220.9,124.8,L,,,,,,,,,,,,
152.7,50.4,L,,,,,,220.9,275.1,S,,,,,,,,,,,,
152.7,61.2,L,,,,,,220.9,292.2,L,,,,,,,,,,,,
152.7,90.7,L,,,,,,220.9,328.6,L,,,,,,,,,,,,
152.7,163.5,L,,,,,,220.9,358.9,L,,,,,,,,,,,,
152.7,171.3,M,,,,,,221.7,16.3,M,,,,,,,,,,,,
152.7,176.7,M,,,,,,221.7,118.6,L,,,,,,,,,,,,
152.7,231.7,L,,,,,,221.7,280.6,L,,,,,,,,,,,,
153.5,5.4,L,,,,,,221.7,299.9,M,,,,,,,,,,,,
153.5,27.1,M,,,,,,221.7,377.5,S,,,,,,,,,,,,
153.5,44.2,L,,,,,,222.4,35.3,L,,,,,,,,,,,,
153.5,55.8,L,,,,,,222.4,216.2,M,,,,,,,,,,,,
153.5,74.4,L,,,,,,222.4,242.6,L,,,,,,,,,,,,
153.5,103.9,L,,,,,,222.4,310.8,S,,,,,,,,,,,,
154.2,118.6,L,,,,,,223.2,9.3,L,,,,,,,,,,,,
154.2,133.3,L,,,,,,223.2,98.4,L,,,,,,,,,,,,
154.2,150.4,L,,,,,,223.2,138.7,L,,,,,,,,,,,,
154.2,158.1,L,,,,,,223.2,321.6,M,,,,,,,,,,,,
154.2,189.9,L,,,,,,223.2,367.4,L,,,,,,,,,,,,
154.2,197.6,M,,,,,,224,163.5,L,,,,,,,,,,,,
154.2,211.6,L,,,,,,224,264.3,L,,,,,,,,,,,,
154.2,226.3,L,,,,,,224.8,72.1,L,,,,,,,,,,,,
154.2,244.9,L,,,,,,224.8,131,L,,,,,,,,,,,,
155,15.5,M,,,,,,224.8,155.8,L,,,,,,,,,,,,
155,84.5,L,,,,,,224.8,189.9,L,,,,,,,,,,,,
155,144.9,L,,,,,,224.8,206.9,M,,,,,,,,,,,,
155,205.4,L,,,,,,224.8,224.8,M,,,,,,,,,,,,
155,220.1,L,,,,,,224.8,231.7,L,,,,,,,,,,,,
155.8,65.1,M,,,,,,225.5,22.5,L,,,,,,,,,,,,
155.8,96.1,L,,,,,,225.5,110.1,L,,,,,,,,,,,,
155.8,113.9,M,,,,,,225.5,199.2,L,,,,,,,,,,,,
155.8,126.3,L,,,,,,225.5,255.8,L,,,,,,,,,,,,
155.8,139.5,M,,,,,,226.3,46.5,M,,,,,,,,,,,,
155.8,236.4,L,,,,,,226.3,82.2,L,,,,,,,,,,,,
156.4,71.1,L,,,,,,226.3,91.5,S,,,,,,,,,,,,
156.6,10.9,M,,,,,,227.1,55,L,,,,,,,,,,,,
156.6,22.5,L,,,,,,227.1,179,L,,,,,,,,,,,,
156.6,36.4,S,,,,,,227.1,341.8,L,,,,,,,,,,,,
156.6,79.1,L,,,,,,227.1,382.1,L,,,,,,,,,,,,
156.6,108.5,M,,,,,,227.7,39.4,S,,,,,,,,,,,,
157.3,30.2,L,,,,,,227.9,27.9,L,,,,,,,,,,,,
157.3,46.5,M,,,,,,227.9,333.3,L,,,,,,,,,,,,
157.3,91.5,M,,,,,,227.9,355,L,,,,,,,,,,,,
157.3,166.6,L,,,,,,228.6,64.3,L,,,,,,,,,,,,
157.3,174.4,L,,,,,,228.6,102.3,M,,,,,,,,,,,,
157.3,186,L,,,,,,228.6,122.5,L,,,,,,,,,,,,
158.1,51.2,M,,,,,,228.6,145.7,M,,,,,,,,,,,,
158.1,179.8,L,,,,,,228.6,213.1,L,,,,,,,,,,,,
158.1,200.7,L,,,,,,228.6,249.6,M,,,,,,,,,,,,
158.9,15.5,L,,,,,,228.6,273.6,M,,,,,,,,,,,,
158.9,25.6,L,,,,,,228.6,287.5,L,,,,,,,,,,,,
158.9,41.1,L,,,,,,229.4,5.4,M,,,,,,,,,,,,
158.9,101.5,L,,,,,,229.4,237.9,L,,,,,,,,,,,,
158.9,117,L,,,,,,229.4,298.4,M,,,,,,,,,,,,
158.9,141.8,M,,,,,,230.2,13.2,L,,,,,,,,,,,,
158.9,149.6,L,,,,,,230.2,170.5,L,,,,,,,,,,,,
158.9,155,M,,,,,,230.2,312.3,L,,,,,,,,,,,,
158.9,232.5,L,,,,,,231,138,L,,,,,,,,,,,,
159.7,5.4,L,,,,,,231,152.7,M,,,,,,,,,,,,
159.7,19.4,L,,,,,,231,220.1,L,,,,,,,,,,,,
159.7,55.8,L,,,,,,231,323.2,L,,,,,,,,,,,,
159.7,61.2,M,,,,,,231,362.7,L,,,,,,,,,,,,
159.7,86.8,M,,,,,,231,373.6,M,,,,,,,,,,,,
159.7,134.9,L,,,,,,231.7,89.9,M,,,,,,,,,,,,
159.7,159.7,M,,,,,,231.7,110.1,L,,,,,,,,,,,,
159.7,207.7,L,,,,,,231.7,185.2,L,,,,,,,,,,,,
159.7,213.9,L,,,,,,231.7,193.8,M,,,,,,,,,,,,
159.7,226.3,S,,,,,,231.7,228.6,S,,,,,,,,,,,,
159.7,244.1,L,,,,,,232.5,19.4,L,,,,,,,,,,,,
160.4,33.3,M,,,,,,232.5,72.9,L,,,,,,,,,,,,
160.4,65.9,L,,,,,,232.5,256.5,L,,,,,,,,,,,,
160.4,72.9,L,,,,,,232.5,304.6,L,,,,,,,,,,,,
160.4,111.6,L,,,,,,233.3,45.7,M,,,,,,,,,,,,
160.4,121.7,L,,,,,,233.3,161.2,L,,,,,,,,,,,,
160.4,127.9,M,,,,,,233.3,203.1,S,,,,,,,,,,,,
160.4,195.3,M,,,,,,233.3,348,L,,,,,,,,,,,,
161.2,10.9,L,,,,,,234.1,37.2,S,,,,,,,,,,,,
161.2,78.3,M,,,,,,234.1,79.8,L,,,,,,,,,,,,
161.2,105.4,S,,,,,,234.1,128.7,L,,,,,,,,,,,,
161.2,169,L,,,,,,234.1,265.8,M,,,,,,,,,,,,
161.2,219.3,L,,,,,,234.1,339.5,S,,,,,,,,,,,,
161.2,236.4,L,,,,,,234.8,27.1,L,,,,,,,,,,,,
162,94.6,L,,,,,,234.8,145.7,S,,,,,,,,,,,,
162.8,28.7,L,,,,,,234.8,210,M,,,,,,,,,,,,
162.8,48.1,L,,,,,,234.8,277.5,L,,,,,,,,,,,,
162.8,188.3,L,,,,,,235.6,52.7,L,,,,,,,,,,,,
162.8,203.1,L,,,,,,235.6,98.4,L,,,,,,,,,,,,
163.5,23.3,M,,,,,,235.6,116.3,S,,,,,,,,,,,,
163.5,38.8,M,,,,,,235.6,241,L,,,,,,,,,,,,
163.5,58.9,M,,,,,,235.6,248.8,S,,,,,,,,,,,,
163.5,89.1,M,,,,,,236.4,3.9,M,,,,,,,,,,,,
163.5,116.3,M,,,,,,236.4,60.5,L,,,,,,,,,,,,
163.5,131.8,M,,,,,,236.4,382.1,M,,,,,,,,,,,,
163.5,145.7,L,,,,,,237.2,10.1,L,,,,,,,,,,,,
163.5,175.9,S,,,,,,237.2,136.4,L,,,,,,,,,,,,
163.5,180.6,L,,,,,,237.2,177.5,L,,,,,,,,,,,,
163.5,209.3,S,,,,,,237.2,296.8,L,,,,,,,,,,,,
164.3,6.2,M,,,,,,237.2,327.8,L,,,,,,,,,,,,
164.3,16.3,M,,,,,,237.9,123.2,L,,,,,,,,,,,,
164.3,33.3,L,,,,,,237.9,289.9,L,,,,,,,,,,,,
164.3,42.6,L,,,,,,237.9,319.3,L,,,,,,,,,,,,
164.3,69.8,L,,,,,,237.9,366.6,L,,,,,,,,,,,,
164.3,81.4,S,,,,,,238.7,68.2,L,,,,,,,,,,,,
164.3,99.2,L,,,,,,238.7,153.5,L,,,,,,,,,,,,
164.3,137.2,L,,,,,,238.7,195.3,L,,,,,,,,,,,,
164.3,158.1,M,,,,,,238.7,310,L,,,,,,,,,,,,
164.3,164.3,L,,,,,,239.5,33.3,L,,,,,,,,,,,,
164.3,228.6,L,,,,,,239.5,90.7,L,,,,,,,,,,,,
165.1,52.7,L,,,,,,239.5,107.7,M,,,,,,,,,,,,
165.1,63.6,M,,,,,,239.5,169,L,,,,,,,,,,,,
165.1,76,L,,,,,,239.5,223.2,L,,,,,,,,,,,,
165.1,127.1,M,,,,,,240.3,20.2,NC,,,,,,,,,,,,
165.1,151.9,L,,,,,,240.3,185.2,M,,,,,,,,,,,,
165.9,105.4,L,,,,,,240.3,235.6,L,,,,,,,,,,,,
165.9,215.5,L,,,,,,240.3,374.4,L,,,,,,,,,,,,
165.9,239.5,L,,,,,,241,42.6,L,,,,,,,,,,,,
165.9,244.9,M,,,,,,241,203.1,L,,,,,,,,,,,,
166.6,10.9,M,,,,,,241,255,L,,,,,,,,,,,,
166.6,111.6,L,,,,,,241,346.5,M,,,,,,,,,,,,
166.6,120.9,L,,,,,,241,356.5,L,,,,,,,,,,,,
166.6,169.7,M,,,,,,241.8,143.4,L,,,,,,,,,,,,
166.6,191.4,L,,,,,,241.8,215.5,M,,,,,,,,,,,,
166.6,197.6,M,,,,,,241.8,265.8,S,,,,,,,,,,,,
166.6,223.2,L,,,,,,241.8,334.8,L,,,,,,,,,,,,
166.6,234.1,L,,,,,,241.8,387.5,M,,,,,,,,,,,,
167.4,2.3,M,,,,,,242.6,97.7,M,,,,,,,,,,,,
167.4,186,L,,,,,,242.6,129.4,L,,,,,,,,,,,,
168.2,20.2,L,,,,,,242.6,301.5,L,,,,,,,,,,,,
168.2,25.6,L,,,,,,243.4,51.9,L,,,,,,,,,,,,
168.2,31,S,,,,,,243.4,114.7,M,,,,,,,,,,,,
168.2,46.5,L,,,,,,243.4,162,L,,,,,,,,,,,,
168.2,88.4,M,,,,,,243.4,272.8,M,,,,,,,,,,,,
169,15.5,L,,,,,,243.4,283.7,L,,,,,,,,,,,,
169,70.5,M,,,,,,244.1,176.7,S,,,,,,,,,,,,
169,82.9,M,,,,,,244.1,243.4,L,,,,,,,,,,,,
169,115.5,L,,,,,,245.7,62.8,S,,,,,,,,,,,,
169,124.8,L,,,,,,245.7,69.8,L,,,,,,,,,,,,
169,139.5,M,,,,,,245.7,76.7,L,,,,,,,,,,,,
169,144.2,L,,,,,,245.7,88.4,M,,,,,,,,,,,,
169,156.6,L,,,,,,245.7,169.7,L,,,,,,,,,,,,
169,174.4,L,,,,,,245.7,293.7,L,,,,,,,,,,,,
169,179.8,M,,,,,,246.5,137.2,L,,,,,,,,,,,,
169,202.3,M,,,,,,246.5,151.9,L,,,,,,,,,,,,
169.6,161.5,L,,,,,,246.5,189.1,L,,,,,,,,,,,,
169.7,6.2,L,,,,,,246.5,197.6,M,,,,,,,,,,,,
169.7,36.4,L,,,,,,246.5,209.3,L,,,,,,,,,,,,
169.7,58.9,L,,,,,,246.5,227.1,L,,,,,,,,,,,,
169.7,64.3,L,,,,,,246.5,323.2,M,,,,,,,,,,,,
169.7,95.3,L,,,,,,246.5,366.6,L,,,,,,,,,,,,
169.7,101.5,L,,,,,,247.2,29.5,L,,,,,,,,,,,,
169.7,130.2,S,,,,,,247.2,37.2,M,,,,,,,,,,,,
169.7,207.7,L,,,,,,247.2,120.9,L,,,,,,,,,,,,
169.7,227.9,M,,,,,,247.2,380.6,M,,,,,,,,,,,,
170.5,41.1,M,,,,,,248,312.3,L,,,,,,,,,,,,
170.5,77.5,L,,,,,,248,338.7,L,,,,,,,,,,,,
170.5,110.1,M,,,,,,248.8,10.1,M,,,,,,,,,,,,
170.5,149.6,M,,,,,,248.8,82.9,L,,,,,,,,,,,,
171.3,51.9,M,,,,,,248.8,236.4,L,,,,,,,,,,,,
171.3,135.6,L,,,,,,248.8,259.6,L,,,,,,,,,,,,
171.3,196.1,M,,,,,,249.6,45,M,,,,,,,,,,,,
171.3,213.9,L,,,,,,249.6,93.8,S,,,,,,,,,,,,
171.3,234.1,M,,,,,,249.6,251.1,M,,,,,,,,,,,,
171.3,241.8,L,,,,,,249.6,330.2,M,,,,,,,,,,,,
172.1,46.5,L,,,,,,250.3,55,M,,,,,,,,,,,,
172.1,120.1,L,,,,,,250.3,181.4,L,,,,,,,,,,,,
172.1,165.9,L,,,,,,250.3,351.1,L,,,,,,,,,,,,
172.1,188.3,L,,,,,,251.1,127.9,M,,,,,,,,,,,,
172.8,10.1,L,,,,,,251.1,157.3,S,,,,,,,,,,,,
172.8,20.9,M,,,,,,251.1,205.4,L,,,,,,,,,,,,
172.8,31,L,,,,,,251.1,279,L,,,,,,,,,,,,
172.8,55.8,L,,,,,,251.1,299.9,S,,,,,,,,,,,,
172.8,72.1,M,,,,,,251.9,111.6,L,,,,,,,,,,,,
172.8,80.6,L,,,,,,251.9,165.1,M,,,,,,,,,,,,
172.8,89.9,L,,,,,,251.9,269.7,M,,,,,,,,,,,,
172.8,175.9,L,,,,,,251.9,291.4,M,,,,,,,,,,,,
172.8,200,L,,,,,,251.9,372.8,L,,,,,,,,,,,,
172.8,220.1,L,,,,,,251.9,387.5,L,,,,,,,,,,,,
173.6,67.4,L,,,,,,252.7,72.9,M,,,,,,,,,,,,
173.6,104.6,L,,,,,,252.7,144.2,L,,,,,,,,,,,,
173.6,129.4,L,,,,,,252.7,173.6,L,,,,,,,,,,,,
173.6,183.7,L,,,,,,252.7,227.1,L,,,,,,,,,,,,
174.4,5.4,L,,,,,,253.4,18.6,M,,,,,,,,,,,,
174.4,25.6,L,,,,,,253.4,101.5,L,,,,,,,,,,,,
174.4,41.1,M,,,,,,253.4,193.8,M,,,,,,,,,,,,
174.4,59.7,L,,,,,,253.4,307.7,L,,,,,,,,,,,,
174.4,98.4,L,,,,,,254.2,34.1,L,,,,,,,,,,,,
174.4,114.7,L,,,,,,254.2,358.1,M,,,,,,,,,,,,
174.4,140.3,L,,,,,,255,24.8,L,,,,,,,,,,,,
174.4,145.7,L,,,,,,255,64.3,M,,,,,,,,,,,,
174.4,154.2,L,,,,,,255,92.2,L,,,,,,,,,,,,
174.4,169.7,L,,,,,,255,135.6,M,,,,,,,,,,,,
174.4,204.6,L,,,,,,255,241,L,,,,,,,,,,,,
175.2,14.7,S,,,,,,255,259.6,S,,,,,,,,,,,,
175.2,35.7,M,,,,,,255,319.3,L,,,,,,,,,,,,
175.2,123.2,L,,,,,,255.8,10.9,L,,,,,,,,,,,,
175.2,193,L,,,,,,255.8,78.3,L,,,,,,,,,,,,
175.2,226.3,S,,,,,,255.8,219.3,L,,,,,,,,,,,,
175.9,75.2,M,,,,,,255.8,339.5,L,,,,,,,,,,,,
175.9,84.5,L,,,,,,255.8,379.8,L,,,,,,,,,,,,
175.9,110.1,L,,,,,,256.5,45.7,M,,,,,,,,,,,,
175.9,135.6,L,,,,,,256.5,118.6,L,,,,,,,,,,,,
175.9,164.3,M,,,,,,257.1,123.8,M,,,,,,,,,,,,
175.9,179.8,M,,,,,,257.3,108.5,L,,,,,,,,,,,,
175.9,231.7,M,,,,,,257.3,128.7,M,,,,,,,,,,,,
176.7,45.7,M,,,,,,257.3,166.6,L,,,,,,,,,,,,
176.7,51.2,L,,,,,,257.3,183.7,L,,,,,,,,,,,,
176.7,70.5,L,,,,,,257.3,200,M,,,,,,,,,,,,
176.7,208.5,L,,,,,,257.3,213.1,L,,,,,,,,,,,,
176.7,220.1,L,,,,,,257.3,247.2,L,,,,,,,,,,,,
176.7,244.1,L,,,,,,257.3,275.1,L,,,,,,,,,,,,
177.5,28.7,M,,,,,,257.3,297.6,L,,,,,,,,,,,,
177.5,102.3,S,,,,,,258.1,150.4,L,,,,,,,,,,,,
177.5,118.6,M,,,,,,258.1,282.9,M,,,,,,,,,,,,
177.5,149.6,L,,,,,,258.1,365.8,M,,,,,,,,,,,,
177.5,158.9,L,,,,,,258.9,53.5,M,,,,,,,,,,,,
177.5,237.2,L,,,,,,258.9,158.9,L,,,,,,,,,,,,
178.3,10.1,L,,,,,,258.9,231,L,,,,,,,,,,,,
178.3,19.4,M,,,,,,258.9,329.4,M,,,,,,,,,,,,
178.3,56.6,L,,,,,,258.9,347.2,L,,,,,,,,,,,,
178.3,187.6,S,,,,,,259.6,38.8,L,,,,,,,,,,,,
178.3,199.2,L,,,,,,259.6,87.6,M,,,,,,,,,,,,
178.3,213.1,L,,,,,,259.6,255.8,L,,,,,,,,,,,,
179,38.8,L,,,,,,260.4,307.7,L,,,,,,,,,,,,
179,62,M,,,,,,261.2,18.6,M,,,,,,,,,,,,
179,79.8,S,,,,,,261.2,27.9,L,,,,,,,,,,,,
179,93.8,L,,,,,,261.2,70.5,M,,,,,,,,,,,,
179,113.9,L,,,,,,261.2,189.9,L,,,,,,,,,,,,
179,128.7,L,,,,,,261.2,263.5,L,,,,,,,,,,,,
179,138.7,M,,,,,,262,97.7,L,,,,,,,,,,,,
179,144.2,L,,,,,,262,141.8,L,,,,,,,,,,,,
179,167.4,M,,,,,,262,386,L,,,,,,,,,,,,
179,172.8,L,,,,,,262.7,3.9,M,,,,,,,,,,,,
179,193.8,L,,,,,,262.7,62,M,,,,,,,,,,,,
179.8,5.4,L,,,,,,262.7,79.8,S,,,,,,,,,,,,
179.8,24,L,,,,,,262.7,218.6,L,,,,,,,,,,,,
179.8,89.1,M,,,,,,262.7,320.1,M,,,,,,,,,,,,
180.6,32.6,M,,,,,,262.7,375.1,M,,,,,,,,,,,,
180.6,52.7,M,,,,,,263.5,114.7,M,,,,,,,,,,,,
180.6,66.7,L,,,,,,263.5,122.5,L,,,,,,,,,,,,
180.6,109.3,L,,,,,,263.5,131,M,,,,,,,,,,,,
180.6,123.2,M,,,,,,263.5,162.8,L,,,,,,,,,,,,
180.6,153.5,L,,,,,,263.5,198.4,L,,,,,,,,,,,,
180.6,162.8,L,,,,,,263.5,207.7,L,,,,,,,,,,,,
180.6,177.5,L,,,,,,263.5,241,L,,,,,,,,,,,,
180.6,208.5,L,,,,,,263.5,291.4,L,,,,,,,,,,,,
181.4,75.2,L,,,,,,264.3,12.4,M,,,,,,,,,,,,
181.4,133.3,S,,,,,,264.3,226.3,M,,,,,,,,,,,,
181.4,232.5,L,,,,,,264.3,278.2,L,,,,,,,,,,,,
181.4,241,L,,,,,,264.3,339.5,M,,,,,,,,,,,,
182.1,14,L,,,,,,264.3,358.9,L,,,,,,,,,,,,
182.1,48.1,S,,,,,,265.1,46.5,M,,,,,,,,,,,,
182.1,98.4,L,,,,,,265.1,299.2,L,,,,,,,,,,,,
182.1,104.6,L,,,,,,265.8,35.7,L,,,,,,,,,,,,
182.1,182.9,L,,,,,,265.8,153.5,M,,,,,,,,,,,,
182.1,190.7,M,,,,,,265.8,313.1,L,,,,,,,,,,,,
182.1,214.7,L,,,,,,266.6,169,M,,,,,,,,,,,,
182.1,227.1,L,,,,,,266.6,181.4,M,,,,,,,,,,,,
182.1,246.5,S,,,,,,266.6,249.6,L,,,,,,,,,,,,
182.9,41.1,M,,,,,,267.4,73.6,L,,,,,,,,,,,,
182.9,58.1,L,,,,,,267.4,261.2,L,,,,,,,,,,,,
182.9,83.7,M,,,,,,267.4,329.4,L,,,,,,,,,,,,
182.9,148,L,,,,,,268.2,27.1,L,,,,,,,,,,,,
182.9,157.3,L,,,,,,268.2,91.5,L,,,,,,,,,,,,
182.9,202.3,L,,,,,,268.2,188.3,M,,,,,,,,,,,,
182.9,220.1,L,,,,,,268.2,232.5,M,,,,,,,,,,,,
183.7,2.3,L,,,,,,268.2,272,L,,,,,,,,,,,,
183.7,7.8,L,,,,,,268.2,348.8,M,,,,,,,,,,,,
183.7,17.8,M,,,,,,268.9,51.9,L,,,,,,,,,,,,
183.7,26.4,M,,,,,,268.9,83.7,L,,,,,,,,,,,,
183.7,143.4,M,,,,,,268.9,147.3,S,,,,,,,,,,,,
183.7,171.3,S,,,,,,268.9,365.8,L,,,,,,,,,,,,
184.5,36.4,M,,,,,,268.9,380.6,L,,,,,,,,,,,,
184.5,63.6,L,,,,,,269.7,3.9,L,,,,,,,,,,,,
184.5,69,L,,,,,,269.7,13.2,M,,,,,,,,,,,,
184.5,120.1,L,,,,,,269.7,200,L,,,,,,,,,,,,
184.5,127.1,L,,,,,,270.5,209.3,L,,,,,,,,,,,,
184.5,197.6,L,,,,,,270.5,288.3,L,,,,,,,,,,,,
184.5,231.7,L,,,,,,271.3,65.1,L,,,,,,,,,,,,
184.5,237.9,L,,,,,,271.3,137.2,L,,,,,,,,,,,,
185.2,79.1,M,,,,,,271.3,160.4,L,,,,,,,,,,,,
185.2,87.6,L,,,,,,271.3,218.6,M,,,,,,,,,,,,
185.2,93.8,S,,,,,,271.3,241.8,L,,,,,,,,,,,,
185.2,113.2,L,,,,,,271.3,372.8,S,,,,,,,,,,,,
185.2,138.7,L,,,,,,272,100.8,L,,,,,,,,,,,,
185.2,165.1,L,,,,,,272,111.6,L,,,,,,,,,,,,
185.2,206.2,L,,,,,,272,227.1,L,,,,,,,,,,,,
186,31,L,,,,,,272,254.2,L,,,,,,,,,,,,
186,176.7,L,,,,,,272,338.7,S,,,,,,,,,,,,
186,243.4,S,,,,,,272.8,21.7,L,,,,,,,,,,,,
186.3,52.8,S,,,,,,272.8,39.5,L,,,,,,,,,,,,
186.8,13.2,L,,,,,,272.8,119.4,L,,,,,,,,,,,,
186.8,22.5,L,,,,,,272.8,293.7,M,,,,,,,,,,,,
186.8,44.2,L,,,,,,272.8,322.4,M,,,,,,,,,,,,
186.8,48.1,L,,,,,,272.8,356.5,L,,,,,,,,,,,,
186.8,101.5,M,,,,,,273.6,267.4,L,,,,,,,,,,,,
186.8,107.7,L,,,,,,273.6,302.3,L,,,,,,,,,,,,
186.8,132.5,L,,,,,,274.4,30.2,M,,,,,,,,,,,,
186.8,151.9,M,,,,,,274.4,90.7,L,,,,,,,,,,,,
186.8,225.5,L,,,,,,274.4,128.7,L,,,,,,,,,,,,
187.6,73.6,L,,,,,,274.4,151.9,L,,,,,,,,,,,,
187.6,128.7,L,,,,,,274.4,277.5,L,,,,,,,,,,,,
187.6,158.1,L,,,,,,274.4,311.6,L,,,,,,,,,,,,
187.6,182.1,L,,,,,,275.1,48.8,L,,,,,,,,,,,,
187.6,210.8,M,,,,,,275.1,331.7,L,,,,,,,,,,,,
188.3,3.1,M,,,,,,275.1,345.7,L,,,,,,,,,,,,
188.3,7.8,L,,,,,,275.1,386.8,L,,,,,,,,,,,,
188.3,27.1,L,,,,,,275.9,59.7,L,,,,,,,,,,,,
188.3,67.4,M,,,,,,275.9,76,M,,,,,,,,,,,,
188.3,117,L,,,,,,275.9,168.2,S,,,,,,,,,,,,
188.3,172.1,L,,,,,,275.9,175.2,M,,,,,,,,,,,,
188.3,195.3,L,,,,,,276.7,239.5,L,,,,,,,,,,,,
188.3,200.7,L,,,,,,276.7,365.8,L,,,,,,,,,,,,
188.3,218.6,L,,,,,,277.5,69,M,,,,,,,,,,,,
189.1,17.8,M,,,,,,277.5,144.2,L,,,,,,,,,,,,
189.1,39.5,L,,,,,,277.5,203.1,M,,,,,,,,,,,,
189.1,57.4,L,,,,,,277.5,213.9,L,,,,,,,,,,,,
189.1,89.9,L,,,,,,277.5,377.5,L,,,,,,,,,,,,
189.1,96.9,L,,,,,,278.2,117.8,L,,,,,,,,,,,,
189.1,122.5,S,,,,,,278.2,260.4,M,,,,,,,,,,,,
189.1,189.1,L,,,,,,278.2,288.3,M,,,,,,,,,,,,
189.1,235.6,L,,,,,,278.2,304.6,L,,,,,,,,,,,,
189.9,78.3,L,,,,,,279,12.4,L,,,,,,,,,,,,
189.9,84.5,M,,,,,,279,18.6,L,,,,,,,,,,,,
189.9,141.1,L,,,,,,279,36.4,L,,,,,,,,,,,,
189.9,147.3,L,,,,,,279,83.7,L,,,,,,,,,,,,
189.9,165.1,M,,,,,,279,101.5,L,,,,,,,,,,,,
190.7,62.8,L,,,,,,279,224,M,,,,,,,,,,,,
190.7,110.8,L,,,,,,279.8,134.1,S,,,,,,,,,,,,
190.7,136.4,L,,,,,,279.8,161.2,M,,,,,,,,,,,,
190.7,178.3,L,,,,,,279.8,189.9,M,,,,,,,,,,,,
191.4,10.9,L,,,,,,279.8,232.5,M,,,,,,,,,,,,
191.4,24,L,,,,,,279.8,247.2,L,,,,,,,,,,,,
191.4,34.1,L,,,,,,279.8,325.5,L,,,,,,,,,,,,
191.4,52.7,L,,,,,,279.8,340.2,M,,,,,,,,,,,,
191.4,104.6,M,,,,,,280.6,28.7,L,,,,,,,,,,,,
191.4,152.7,M,,,,,,280.6,91.5,L,,,,,,,,,,,,
191.4,158.1,L,,,,,,280.6,126.3,M,,,,,,,,,,,,
191.4,206.2,L,,,,,,280.6,268.9,L,,,,,,,,,,,,
192.2,43.4,L,,,,,,280.6,277.5,L,,,,,,,,,,,,
192.2,70.5,M,,,,,,280.6,351.1,L,,,,,,,,,,,,
192.2,124.8,L,,,,,,280.6,360.4,L,,,,,,,,,,,,
192.2,131.8,L,,,,,,,,,,,,,,,,,,,,
192.2,182.9,L,,,,,,,,,,,,,,,,,,,,
192.2,222.4,L,,,,,,,,,,,,,,,,,,,,
193,74.4,M,,,,,,,,,,,,,,,,,,,,
193,93,L,,,,,,,,,,,,,,,,,,,,
193,99.2,L,,,,,,,,,,,,,,,,,,,,
193,120.1,L,,,,,,,,,,,,,,,,,,,,
193,190.7,M,,,,,,,,,,,,,,,,,,,,
193,196.1,L,,,,,,,,,,,,,,,,,,,,
193,212.4,L,,,,,,,,,,,,,,,,,,,,
193,244.1,L,,,,,,,,,,,,,,,,,,,,
193.8,2.3,L,,,,,,,,,,,,,,,,,,,,
193.8,6.2,S,,,,,,,,,,,,,,,,,,,,
193.8,14,L,,,,,,,,,,,,,,,,,,,,
193.8,58.1,L,,,,,,,,,,,,,,,,,,,,
193.8,86.8,L,,,,,,,,,,,,,,,,,,,,
193.8,115.5,L,,,,,,,,,,,,,,,,,,,,
193.8,169,L,,,,,,,,,,,,,,,,,,,,
193.8,201.5,L,,,,,,,,,,,,,,,,,,,,
193.8,217.8,M,,,,,,,,,,,,,,,,,,,,
194.5,19.4,L,,,,,,,,,,,,,,,,,,,,
194.5,38.8,L,,,,,,,,,,,,,,,,,,,,
194.5,82.2,L,,,,,,,,,,,,,,,,,,,,
194.5,108.5,M,,,,,,,,,,,,,,,,,,,,
194.5,137.2,M,,,,,,,,,,,,,,,,,,,,
194.5,143.4,M,,,,,,,,,,,,,,,,,,,,
194.5,235.6,L,,,,,,,,,,,,,,,,,,,,
195.3,28.7,S,,,,,,,,,,,,,,,,,,,,
195.3,48.1,L,,,,,,,,,,,,,,,,,,,,
196.1,62.8,L,,,,,,,,,,,,,,,,,,,,
196.1,67.4,L,,,,,,,,,,,,,,,,,,,,
196.1,103.1,S,,,,,,,,,,,,,,,,,,,,
196.1,125.6,M,,,,,,,,,,,,,,,,,,,,
196.1,148,M,,,,,,,,,,,,,,,,,,,,
196.1,155.8,M,,,,,,,,,,,,,,,,,,,,
196.1,163.5,L,,,,,,,,,,,,,,,,,,,,
196.1,172.8,M,,,,,,,,,,,,,,,,,,,,
196.1,179.8,L,,,,,,,,,,,,,,,,,,,,
196.1,193,L,,,,,,,,,,,,,,,,,,,,
196.1,240.3,L,,,,,,,,,,,,,,,,,,,,
196.9,24.8,L,,,,,,,,,,,,,,,,,,,,
196.9,32.6,L,,,,,,,,,,,,,,,,,,,,
196.9,42.6,L,,,,,,,,,,,,,,,,,,,,
196.9,52.7,L,,,,,,,,,,,,,,,,,,,,
196.9,77.5,S,,,,,,,,,,,,,,,,,,,,
196.9,210,L,,,,,,,,,,,,,,,,,,,,
196.9,224.8,L,,,,,,,,,,,,,,,,,,,,
196.9,229.4,L,,,,,,,,,,,,,,,,,,,,
197.6,10.9,M,,,,,,,,,,,,,,,,,,,,
197.6,90.7,M,,,,,,,,,,,,,,,,,,,,
197.6,96.9,L,,,,,,,,,,,,,,,,,,,,
198.4,72.1,M,,,,,,,,,,,,,,,,,,,,
198.4,112.4,L,,,,,,,,,,,,,,,,,,,,
198.4,121.7,L,,,,,,,,,,,,,,,,,,,,
198.4,133.3,L,,,,,,,,,,,,,,,,,,,,
198.4,151.1,L,,,,,,,,,,,,,,,,,,,,
198.4,186.8,M,,,,,,,,,,,,,,,,,,,,
198.4,204.6,M,,,,,,,,,,,,,,,,,,,,
198.4,216.2,M,,,,,,,,,,,,,,,,,,,,
198.4,234.8,L,,,,,,,,,,,,,,,,,,,,
199.2,3.9,M,,,,,,,,,,,,,,,,,,,,
199.2,15.5,M,,,,,,,,,,,,,,,,,,,,
199.2,29.5,M,,,,,,,,,,,,,,,,,,,,
199.2,38,M,,,,,,,,,,,,,,,,,,,,
199.2,57.4,L,,,,,,,,,,,,,,,,,,,,
199.2,144.2,L,,,,,,,,,,,,,,,,,,,,
199.2,160.4,L,,,,,,,,,,,,,,,,,,,,
199.2,244.9,L,,,,,,,,,,,,,,,,,,,,
200,20.2,M,,,,,,,,,,,,,,,,,,,,
200,47.3,M,,,,,,,,,,,,,,,,,,,,
200,85.3,L,,,,,,,,,,,,,,,,,,,,
200,106.2,L,,,,,,,,,,,,,,,,,,,,
200,117,L,,,,,,,,,,,,,,,,,,,,
200,138.7,L,,,,,,,,,,,,,,,,,,,,
200,166.6,L,,,,,,,,,,,,,,,,,,,,
200,176.7,M,,,,,,,,,,,,,,,,,,,,
200,199.2,L,,,,,,,,,,,,,,,,,,,,
200.7,220.9,L,,,,,,,,,,,,,,,,,,,,
201.5,7.8,M,,,,,,,,,,,,,,,,,,,,
201.5,33.3,M,,,,,,,,,,,,,,,,,,,,
201.5,42.6,L,,,,,,,,,,,,,,,,,,,,
201.5,52.7,L,,,,,,,,,,,,,,,,,,,,
201.5,65.9,L,,,,,,,,,,,,,,,,,,,,
201.5,79.8,M,,,,,,,,,,,,,,,,,,,,
201.5,100,M,,,,,,,,,,,,,,,,,,,,
201.5,127.1,M,,,,,,,,,,,,,,,,,,,,
202.3,24,M,,,,,,,,,,,,,,,,,,,,
202.3,89.1,L,,,,,,,,,,,,,,,,,,,,
202.3,94.6,M,,,,,,,,,,,,,,,,,,,,
202.3,154.2,L,,,,,,,,,,,,,,,,,,,,
202.3,181.4,L,,,,,,,,,,,,,,,,,,,,
203.1,12.4,L,,,,,,,,,,,,,,,,,,,,
203.1,58.1,S,,,,,,,,,,,,,,,,,,,,
203.1,72.1,L,,,,,,,,,,,,,,,,,,,,
203.1,121.7,M,,,,,,,,,,,,,,,,,,,,
203.1,147.3,L,,,,,,,,,,,,,,,,,,,,
203.1,208.5,L,,,,,,,,,,,,,,,,,,,,
203.1,214.7,L,,,,,,,,,,,,,,,,,,,,
203.1,227.1,L,,,,,,,,,,,,,,,,,,,,
203.8,110.1,L,,,,,,,,,,,,,,,,,,,,
203.8,131.8,L,,,,,,,,,,,,,,,,,,,,
203.8,202.3,L,,,,,,,,,,,,,,,,,,,,
203.8,239.5,L,,,,,,,,,,,,,,,,,,,,
204.6,3.9,L,,,,,,,,,,,,,,,,,,,,
204.6,17.8,M,,,,,,,,,,,,,,,,,,,,
204.6,29.5,L,,,,,,,,,,,,,,,,,,,,
204.6,37.2,L,,,,,,,,,,,,,,,,,,,,
204.6,76,L,,,,,,,,,,,,,,,,,,,,
204.6,84.5,M,,,,,,,,,,,,,,,,,,,,
204.6,141.1,L,,,,,,,,,,,,,,,,,,,,
204.6,164.3,L,,,,,,,,,,,,,,,,,,,,
204.6,190.7,L,,,,,,,,,,,,,,,,,,,,
205.4,48.1,L,,,,,,,,,,,,,,,,,,,,
205.4,105.4,L,,,,,,,,,,,,,,,,,,,,
205.4,158.7,L,,,,,,,,,,,,,,,,,,,,
205.4,175.2,M,,,,,,,,,,,,,,,,,,,,
205.4,232.5,L,,,,,,,,,,,,,,,,,,,,
206.2,24,L,,,,,,,,,,,,,,,,,,,,
206.2,42.6,M,,,,,,,,,,,,,,,,,,,,
206.2,52.7,M,,,,,,,,,,,,,,,,,,,,
206.2,67.4,L,,,,,,,,,,,,,,,,,,,,
206.2,79.8,L,,,,,,,,,,,,,,,,,,,,
206.2,126.3,M,,,,,,,,,,,,,,,,,,,,
206.2,136.4,M,,,,,,,,,,,,,,,,,,,,
206.2,185.2,L,,,,,,,,,,,,,,,,,,,,
206.2,219.3,L,,,,,,,,,,,,,,,,,,,,
206.9,7.8,L,,,,,,,,,,,,,,,,,,,,
206.9,33.3,L,,,,,,,,,,,,,,,,,,,,
206.9,62.8,L,,,,,,,,,,,,,,,,,,,,
206.9,93,M,,,,,,,,,,,,,,,,,,,,
206.9,113.2,S,,,,,,,,,,,,,,,,,,,,
206.9,150.4,M,,,,,,,,,,,,,,,,,,,,
206.9,169.7,S,,,,,,,,,,,,,,,,,,,,
206.9,196.1,L,,,,,,,,,,,,,,,,,,,,
207.7,99.2,M,,,,,,,,,,,,,,,,,,,,
207.7,120.1,M,,,,,,,,,,,,,,,,,,,,
207.7,131.8,L,,,,,,,,,,,,,,,,,,,,
207.7,179.8,L,,,,,,,,,,,,,,,,,,,,
207.7,211.6,L,,,,,,,,,,,,,,,,,,,,
207.7,224.8,M,,,,,,,,,,,,,,,,,,,,
208.5,12.4,L,,,,,,,,,,,,,,,,,,,,
208.5,16.3,L,,,,,,,,,,,,,,,,,,,,
208.5,58.1,L,,,,,,,,,,,,,,,,,,,,
208.5,88.4,L,,,,,,,,,,,,,,,,,,,,
208.5,144.9,L,,,,,,,,,,,,,,,,,,,,
208.5,205.4,M,,,,,,,,,,,,,,,,,,,,
208.5,237.9,L,,,,,,,,,,,,,,,,,,,,
208.5,246.5,M,,,,,,,,,,,,,,,,,,,,
209.3,28.7,L,,,,,,,,,,,,,,,,,,,,
209.3,72.1,L,,,,,,,,,,,,,,,,,,,,
209.3,80.6,L,,,,,,,,,,,,,,,,,,,,
209.3,107.7,L,,,,,,,,,,,,,,,,,,,,
209.3,161.2,M,,,,,,,,,,,,,,,,,,,,
210,21.7,S,,,,,,,,,,,,,,,,,,,,
210,103.1,L,,,,,,,,,,,,,,,,,,,,
210.5,173.6,L,,,,,,,,,,,,,,,,,,,,
210.8,3.1,L,,,,,,,,,,,,,,,,,,,,
210.8,44.2,L,,,,,,,,,,,,,,,,,,,,
210.8,67.4,L,,,,,,,,,,,,,,,,,,,,
210.8,116.3,S,,,,,,,,,,,,,,,,,,,,
210.8,124.8,L,,,,,,,,,,,,,,,,,,,,
210.8,139.5,M,,,,,,,,,,,,,,,,,,,,
210.8,166.6,M,,,,,,,,,,,,,,,,,,,,
210.8,189.1,L,,,,,,,,,,,,,,,,,,,,
210.8,200,L,,,,,,,,,,,,,,,,,,,,
211.6,48.8,S,,,,,,,,,,,,,,,,,,,,
211.6,76,M,,,,,,,,,,,,,,,,,,,,
211.6,84.5,L,,,,,,,,,,,,,,,,,,,,
211.6,94.5,L,,,,,,,,,,,,,,,,,,,,
211.6,148,L,,,,,,,,,,,,,,,,,,,,
211.6,183.7,L,,,,,,,,,,,,,,,,,,,,
211.6,232.5,L,,,,,,,,,,,,,,,,,,,,
212.4,9.3,L,,,,,,,,,,,,,,,,,,,,
212.4,54.3,L,,,,,,,,,,,,,,,,,,,,
212.4,89.1,S,,,,,,,,,,,,,,,,,,,,
212.4,177.5,L,,,,,,,,,,,,,,,,,,,,
212.4,194.5,M,,,,,,,,,,,,,,,,,,,,
212.4,210.8,L,,,,,,,,,,,,,,,,,,,,
212.4,218.6,L,,,,,,,,,,,,,,,,,,,,
212.4,223.2,M,,,,,,,,,,,,,,,,,,,,
213.1,31.8,M,,,,,,,,,,,,,,,,,,,,
213.1,62,L,,,,,,,,,,,,,,,,,,,,
213.1,110.8,M,,,,,,,,,,,,,,,,,,,,
213.1,129.4,M,,,,,,,,,,,,,,,,,,,,
213.1,143.4,M,,,,,,,,,,,,,,,,,,,,
213.9,13.2,L,,,,,,,,,,,,,,,,,,,,
213.9,37.2,M,,,,,,,,,,,,,,,,,,,,
213.9,120.1,L,,,,,,,,,,,,,,,,,,,,
213.9,152.7,L,,,,,,,,,,,,,,,,,,,,
213.9,158.1,S,,,,,,,,,,,,,,,,,,,,
213.9,171.3,L,,,,,,,,,,,,,,,,,,,,
214.7,26.4,L,,,,,,,,,,,,,,,,,,,,
214.7,41.9,L,,,,,,,,,,,,,,,,,,,,
214.7,100.8,L,,,,,,,,,,,,,,,,,,,,
214.7,105.4,L,,,,,,,,,,,,,,,,,,,,
214.7,187.6,L,,,,,,,,,,,,,,,,,,,,
214.7,204.6,L,,,,,,,,,,,,,,,,,,,,
215.5,3.9,M,,,,,,,,,,,,,,,,,,,,
215.5,51.2,L,,,,,,,,,,,,,,,,,,,,
215.5,76,L,,,,,,,,,,,,,,,,,,,,
215.5,80.6,L,,,,,,,,,,,,,,,,,,,,
215.5,90.7,L,,,,,,,,,,,,,,,,,,,,
215.5,134.1,L,,,,,,,,,,,,,,,,,,,,
215.5,162.8,L,,,,,,,,,,,,,,,,,,,,
215.5,182.1,L,,,,,,,,,,,,,,,,,,,,
215.5,197.6,L,,,,,,,,,,,,,,,,,,,,
216.2,96.1,L,,,,,,,,,,,,,,,,,,,,
216.2,114.7,L,,,,,,,,,,,,,,,,,,,,
216.2,138.7,L,,,,,,,,,,,,,,,,,,,,
216.2,214.7,L,,,,,,,,,,,,,,,,,,,,
216.2,229.7,L,,,,,,,,,,,,,,,,,,,,
216.2,234.1,L,,,,,,,,,,,,,,,,,,,,
216.2,244.9,L,,,,,,,,,,,,,,,,,,,,
217,8.5,L,,,,,,,,,,,,,,,,,,,,
217,56.6,M,,,,,,,,,,,,,,,,,,,,
217,123.2,L,,,,,,,,,,,,,,,,,,,,
217,193,L,,,,,,,,,,,,,,,,,,,,
217.8,33.3,M,,,,,,,,,,,,,,,,,,,,
217.8,62.8,L,,,,,,,,,,,,,,,,,,,,
217.8,146.5,L,,,,,,,,,,,,,,,,,,,,
217.8,172.8,M,,,,,,,,,,,,,,,,,,,,
217.8,220.9,L,,,,,,,,,,,,,,,,,,,,
218.6,38,L,,,,,,,,,,,,,,,,,,,,
218.6,47.3,L,,,,,,,,,,,,,,,,,,,,
218.6,84.5,M,,,,,,,,,,,,,,,,,,,,
218.6,101.5,L,,,,,,,,,,,,,,,,,,,,
218.6,107.7,L,,,,,,,,,,,,,,,,,,,,
218.6,127.9,M,,,,,,,,,,,,,,,,,,,,
219.3,15.5,M,,,,,,,,,,,,,,,,,,,,
219.3,51.9,L,,,,,,,,,,,,,,,,,,,,
219.3,135.6,L,,,,,,,,,,,,,,,,,,,,
219.3,141.8,L,,,,,,,,,,,,,,,,,,,,
219.3,167.4,L,,,,,,,,,,,,,,,,,,,,
220.1,24,L,,,,,,,,,,,,,,,,,,,,
220.1,28.7,L,,,,,,,,,,,,,,,,,,,,
220.1,67.4,L,,,,,,,,,,,,,,,,,,,,
220.1,72.9,L,,,,,,,,,,,,,,,,,,,,
220.1,155.8,L,,,,,,,,,,,,,,,,,,,,
220.1,205.4,M,,,,,,,,,,,,,,,,,,,,
220.1,224.8,L,,,,,,,,,,,,,,,,,,,,
220.1,235.6,M,,,,,,,,,,,,,,,,,,,,
220.9,5.4,L,,,,,,,,,,,,,,,,,,,,
220.9,10.1,L,,,,,,,,,,,,,,,,,,,,
220.9,79.1,M,,,,,,,,,,,,,,,,,,,,
220.9,92.2,L,,,,,,,,,,,,,,,,,,,,
220.9,118.6,L,,,,,,,,,,,,,,,,,,,,
220.9,161.2,L,,,,,,,,,,,,,,,,,,,,
220.9,184.5,S,,,,,,,,,,,,,,,,,,,,
220.9,198.4,M,,,,,,,,,,,,,,,,,,,,
220.9,231.7,L,,,,,,,,,,,,,,,,,,,,
221.7,97.7,L,,,,,,,,,,,,,,,,,,,,
221.7,113.2,L,,,,,,,,,,,,,,,,,,,,
221.7,124,L,,,,,,,,,,,,,,,,,,,,
221.7,178.3,L,,,,,,,,,,,,,,,,,,,,
222.4,32.6,L,,,,,,,,,,,,,,,,,,,,
222.4,42.6,L,,,,,,,,,,,,,,,,,,,,
222.4,86,M,,,,,,,,,,,,,,,,,,,,
222.4,130.2,M,,,,,,,,,,,,,,,,,,,,
222.4,151.9,M,,,,,,,,,,,,,,,,,,,,
222.4,192.2,M,,,,,,,,,,,,,,,,,,,,
222.4,217.8,L,,,,,,,,,,,,,,,,,,,,
223.2,18.6,L,,,,,,,,,,,,,,,,,,,,
223.2,24,L,,,,,,,,,,,,,,,,,,,,
223.2,58.1,L,,,,,,,,,,,,,,,,,,,,
223.2,145.7,M,,,,,,,,,,,,,,,,,,,,
224,12.4,M,,,,,,,,,,,,,,,,,,,,
224,64.3,L,,,,,,,,,,,,,,,,,,,,
224,102.3,L,,,,,,,,,,,,,,,,,,,,
224,138.7,M,,,,,,,,,,,,,,,,,,,,
224,166.6,L,,,,,,,,,,,,,,,,,,,,
224,173.6,M,,,,,,,,,,,,,,,,,,,,
224,245.7,L,,,,,,,,,,,,,,,,,,,,
224.8,48.8,S,,,,,,,,,,,,,,,,,,,,
224.8,107.7,L,,,,,,,,,,,,,,,,,,,,
224.8,119.4,L,,,,,,,,,,,,,,,,,,,,
224.8,213.1,L,,,,,,,,,,,,,,,,,,,,
224.8,222.4,M,,,,,,,,,,,,,,,,,,,,
225.5,69.8,L,,,,,,,,,,,,,,,,,,,,
225.5,75.2,L,,,,,,,,,,,,,,,,,,,,
225.5,80.6,L,,,,,,,,,,,,,,,,,,,,
225.5,181.4,M,,,,,,,,,,,,,,,,,,,,
225.5,186.8,L,,,,,,,,,,,,,,,,,,,,
225.5,203.8,L,,,,,,,,,,,,,,,,,,,,
226.3,8.5,M,,,,,,,,,,,,,,,,,,,,
226.3,28.7,M,,,,,,,,,,,,,,,,,,,,
226.3,38,M,,,,,,,,,,,,,,,,,,,,
226.3,54.3,M,,,,,,,,,,,,,,,,,,,,
226.3,90.7,L,,,,,,,,,,,,,,,,,,,,
226.3,95.3,L,,,,,,,,,,,,,,,,,,,,
226.3,155,S,,,,,,,,,,,,,,,,,,,,
226.3,161.2,L,,,,,,,,,,,,,,,,,,,,
226.3,198.4,M,,,,,,,,,,,,,,,,,,,,
226.3,235.6,S,,,,,,,,,,,,,,,,,,,,
227.1,3.1,M,,,,,,,,,,,,,,,,,,,,
227.1,17.8,L,,,,,,,,,,,,,,,,,,,,
227.1,43.4,L,,,,,,,,,,,,,,,,,,,,
227.1,84.5,M,,,,,,,,,,,,,,,,,,,,
227.1,113.2,L,,,,,,,,,,,,,,,,,,,,
227.1,125.6,L,,,,,,,,,,,,,,,,,,,,
227.1,134.1,S,,,,,,,,,,,,,,,,,,,,
227.1,149.6,L,,,,,,,,,,,,,,,,,,,,
227.1,170.5,S,,,,,,,,,,,,,,,,,,,,
227.1,193,L,,,,,,,,,,,,,,,,,,,,
227.9,175.9,L,,,,,,,,,,,,,,,,,,,,
227.9,215.5,L,,,,,,,,,,,,,,,,,,,,
227.9,231,L,,,,,,,,,,,,,,,,,,,,
228.6,23.3,S,,,,,,,,,,,,,,,,,,,,
228.6,33.3,M,,,,,,,,,,,,,,,,,,,,
228.6,59.7,L,,,,,,,,,,,,,,,,,,,,
228.6,141.1,L,,,,,,,,,,,,,,,,,,,,
228.6,241.8,L,,,,,,,,,,,,,,,,,,,,
229.4,12.4,M,,,,,,,,,,,,,,,,,,,,
229.4,49.6,M,,,,,,,,,,,,,,,,,,,,
229.4,106.2,M,,,,,,,,,,,,,,,,,,,,
229.4,120.1,M,,,,,,,,,,,,,,,,,,,,
229.4,164.3,L,,,,,,,,,,,,,,,,,,,,
229.4,210,M,,,,,,,,,,,,,,,,,,,,
229.4,220.1,L,,,,,,,,,,,,,,,,,,,,
230.2,71.3,M,,,,,,,,,,,,,,,,,,,,
230.2,100,L,,,,,,,,,,,,,,,,,,,,
230.2,179.8,L,,,,,,,,,,,,,,,,,,,,
230.2,185.2,M,,,,,,,,,,,,,,,,,,,,
230.2,225.5,M,,,,,,,,,,,,,,,,,,,,
231,65.1,M,,,,,,,,,,,,,,,,,,,,
231,79.1,L,,,,,,,,,,,,,,,,,,,,
231,88.4,L,,,,,,,,,,,,,,,,,,,,
231,114.7,S,,,,,,,,,,,,,,,,,,,,
231,131,L,,,,,,,,,,,,,,,,,,,,
231,136.4,M,,,,,,,,,,,,,,,,,,,,
231,196.9,S,,,,,,,,,,,,,,,,,,,,
231,203.8,M,,,,,,,,,,,,,,,,,,,,
231.7,7.8,L,,,,,,,,,,,,,,,,,,,,
231.7,29.5,L,,,,,,,,,,,,,,,,,,,,
231.7,55,L,,,,,,,,,,,,,,,,,,,,
231.7,173.6,L,,,,,,,,,,,,,,,,,,,,
231.7,192.2,L,,,,,,,,,,,,,,,,,,,,
232.5,17.8,L,,,,,,,,,,,,,,,,,,,,
232.5,75.2,L,,,,,,,,,,,,,,,,,,,,
232.5,147.3,M,,,,,,,,,,,,,,,,,,,,
232.5,159.7,L,,,,,,,,,,,,,,,,,,,,
232.5,168.2,L,,,,,,,,,,,,,,,,,,,,
232.5,214.7,L,,,,,,,,,,,,,,,,,,,,
232.5,231.7,M,,,,,,,,,,,,,,,,,,,,
232.5,237.9,L,,,,,,,,,,,,,,,,,,,,
233.3,38,M,,,,,,,,,,,,,,,,,,,,
233.3,45,L,,,,,,,,,,,,,,,,,,,,
233.3,60.5,L,,,,,,,,,,,,,,,,,,,,
233.3,93.8,M,,,,,,,,,,,,,,,,,,,,
233.3,124.8,L,,,,,,,,,,,,,,,,,,,,
233.3,141.1,L,,,,,,,,,,,,,,,,,,,,
234.1,11.6,M,,,,,,,,,,,,,,,,,,,,
234.1,68.2,L,,,,,,,,,,,,,,,,,,,,
234.1,82.9,S,,,,,,,,,,,,,,,,,,,,
234.1,103.1,L,,,,,,,,,,,,,,,,,,,,
234.1,108.5,L,,,,,,,,,,,,,,,,,,,,
234.1,210,L,,,,,,,,,,,,,,,,,,,,
234.8,3.1,L,,,,,,,,,,,,,,,,,,,,
234.8,49.6,S,,,,,,,,,,,,,,,,,,,,
234.8,119.4,M,,,,,,,,,,,,,,,,,,,,
234.8,133.3,L,,,,,,,,,,,,,,,,,,,,
234.8,164.3,M,,,,,,,,,,,,,,,,,,,,
235.6,33.3,M,,,,,,,,,,,,,,,,,,,,
236.4,78.3,L,,,,,,,,,,,,,,,,,,,,
236.4,89.9,L,,,,,,,,,,,,,,,,,,,,
236.4,113.2,L,,,,,,,,,,,,,,,,,,,,
236.4,151.9,L,,,,,,,,,,,,,,,,,,,,
236.4,178.3,M,,,,,,,,,,,,,,,,,,,,
236.4,185.2,L,,,,,,,,,,,,,,,,,,,,
236.4,195.3,L,,,,,,,,,,,,,,,,,,,,
236.4,200.7,L,,,,,,,,,,,,,,,,,,,,
236.4,220.1,L,,,,,,,,,,,,,,,,,,,,
236.4,225.5,M,,,,,,,,,,,,,,,,,,,,
236.4,244.9,L,,,,,,,,,,,,,,,,,,,,
237.2,7,M,,,,,,,,,,,,,,,,,,,,
237.2,27.9,L,,,,,,,,,,,,,,,,,,,,
237.2,96.9,L,,,,,,,,,,,,,,,,,,,,
237.2,127.9,L,,,,,,,,,,,,,,,,,,,,
237.2,234.8,M,,,,,,,,,,,,,,,,,,,,
237.9,21.7,M,,,,,,,,,,,,,,,,,,,,
237.9,41.9,L,,,,,,,,,,,,,,,,,,,,
237.9,53.5,M,,,,,,,,,,,,,,,,,,,,
237.9,58.9,L,,,,,,,,,,,,,,,,,,,,
237.9,64.3,L,,,,,,,,,,,,,,,,,,,,
237.9,133.3,L,,,,,,,,,,,,,,,,,,,,
237.9,171.3,L,,,,,,,,,,,,,,,,,,,,
237.9,189.9,L,,,,,,,,,,,,,,,,,,,,
238.7,16.3,L,,,,,,,,,,,,,,,,,,,,
238.7,37.2,L,,,,,,,,,,,,,,,,,,,,
238.7,47.3,M,,,,,,,,,,,,,,,,,,,,
238.7,72.9,L,,,,,,,,,,,,,,,,,,,,
238.7,107,L,,,,,,,,,,,,,,,,,,,,
238.7,138.7,L,,,,,,,,,,,,,,,,,,,,
238.7,144.9,L,,,,,,,,,,,,,,,,,,,,
238.7,158.1,M,,,,,,,,,,,,,,,,,,,,
238.7,213.1,S,,,,,,,,,,,,,,,,,,,,
238.7,241,L,,,,,,,,,,,,,,,,,,,,
